liveabroad,lang2,lang3,lang4,lang5,lang6,dist,langprof,emp1,emp2,emp3,emp4,emp5,emp6,emp7,emp8,emp9,emp10,emp11,emp12,emp13,emp14,emp15,emp16,ref1,ref2,ref3,ref4,ref5,ref6,ref7,ref8,ref9,ref10,ref11,ref12,group,gender,age,education,work,religion,ethnic,politic,ukraine
3,Spanish,,,,,0.4,18,3,3,4,2,2,4,1,3,4,3,3,2,3,2,3,1,1,3,3,2,4,2,1,3,4,1,3,2,Ukranian Refugees,Male,,Lower secondary education (up to age 16),"Non-manual skilled (office-based employment; e.g., secretary, administrator, assistant manager)",Jewish,Other ethnic group,2,Ukrainian
1,French,,,,,0.4,14,4,3,4,3,4,4,3,1,4,4,4,4,4,3,3,4,1,4,1,4,1,1,4,1,4,1,4,3,"War torn refugees (Syrian, Ukranian, Afghan)",Male,28,Upper secondary education (up to age 18),"Professional or managerial (e.g., lawyer, university teacher, company manager)",No religious affiliation,"White (including British, Irish, or any other White background)",2,Ukrainian
1,,,,,,,10,2,2,3,1,4,3,2,3,2,3,3,3,1,3,3,2,3,4,3,3,1,1,3,2,3,3,4,4,Quite broadly,Male,28,Postgraduate or Master's degree or equivalent,"Professional or managerial (e.g., lawyer, university teacher, company manager)",Christian (any denomination),"White (including British, Irish, or any other White background)",3,Other
1,,,,,,,10,3,3,4,3,4,3,3,2,3,2,2,3,2,3,3,3,3,3,2,2,2,3,3,3,3,1,4,3,All the people who have lost family ,Male,31,Upper secondary education (up to age 18),Prefer not to say,Christian (any denomination),"White (including British, Irish, or any other White background)",7,Other
1,,,,,,,10,2,3,3,3,3,2,3,4,3,3,3,3,3,4,4,4,3,4,2,3,2,2,3,3,4,2,4,4,Syrian refugees,Male,28,Bachelor's degree or equivalent,"Skilled manual work (e.g., electrician, hairdresser, plumber)",Christian (any denomination),"White (including British, Irish, or any other White background)",8,Other
1,,,,,,,10,3,4,3,3,4,3,4,3,3,3,3,3,3,3,3,3,3,4,2,3,2,2,3,3,3,1,3,4,Family,Male,46,Upper secondary education (up to age 18),"Semi-skilled manual work (e.g., shop assistant, driver, waiter/waitress",No religious affiliation,"White (including British, Irish, or any other White background)",5,Other
3,Portuguese,German,,,,0.4,27,3,2,2,3,4,3,2,2,4,3,3,3,4,4,3,4,2,4,1,4,4,1,3,3,4,1,4,3,"Syrian, Afghan, Libyan, Nigerian - predominantly groups from Middle East and Africa ",Male,27,Postgraduate or Master's degree or equivalent,"Professional or managerial (e.g., lawyer, university teacher, company manager)",No religious affiliation,"White (including British, Irish, or any other White background)",3,Other
3,French,,,,,0.4,12,3,2,4,2,3,3,2,2,3,4,3,4,3,4,4,4,2,4,1,4,3,1,4,3,4,2,4,4,Afghanistan Ukraine ,Female,60,Bachelor's degree or equivalent,Retired,Christian (any denomination),"White (including British, Irish, or any other White background)",6,Ukrainian
1,Welsh,,,,,,20,4,3,4,4,3,4,3,2,3,3,3,2,2,2,4,4,1,4,1,4,4,3,4,2,4,1,4,4,Ukrainian Refugees,Male,22,Postgraduate or Master's degree or equivalent,Student,No religious affiliation,"White (including British, Irish, or any other White background)",3,Ukrainian
1,,,,,,,10,4,4,4,4,4,4,4,3,4,3,4,3,4,4,4,4,3,4,3,3,3,2,2,2,4,2,4,3,No specific groups - ,Female,60,Upper secondary education (up to age 18),"Skilled manual work (e.g., electrician, hairdresser, plumber)",Christian (any denomination),"White (including British, Irish, or any other White background)",5,Other
2,Croatian,,,,,0.5,14,2,2,3,3,3,3,2,1,3,3,4,4,3,3,3,4,2,4,1,4,4,1,4,1,4,1,4,3,"Syrian, Ukrainian",Male,24,Postgraduate or Master's degree or equivalent,"Professional or managerial (e.g., lawyer, university teacher, company manager)",No religious affiliation,"White (including British, Irish, or any other White background)",2,Ukrainian
2,,,,,,,10,3,3,4,4,4,3,4,2,4,4,4,4,4,3,4,3,1,4,1,4,4,1,4,1,1,1,4,3,Not one specific demographic ,Male,33,Bachelor's degree or equivalent,"Professional or managerial (e.g., lawyer, university teacher, company manager)",No religious affiliation,"White (including British, Irish, or any other White background)",4,Other
3,Spanish,,,,,0.4,17,3,2,4,2,3,3,2,1,4,4,3,3,3,2,3,3,2,4,1,4,2,1,4,2,4,1,4,4,Syrian and Ukrainian refugees,Female,28,Bachelor's degree or equivalent,"Professional or managerial (e.g., lawyer, university teacher, company manager)",No religious affiliation,"White (including British, Irish, or any other White background)",4,Ukrainian
3,French ,Spanish,,,,0.4,26,4,2,4,4,3,3,3,2,3,4,3,3,3,3,4,3,2,4,2,4,3,1,4,2,3,2,4,3,Syrian and Ukrainian fleeing wars ,Female,30,Bachelor's degree or equivalent,"Professional or managerial (e.g., lawyer, university teacher, company manager)",No religious affiliation,"White (including British, Irish, or any other White background)",4,Ukrainian
3,Spanish,,,,,0.4,17,3,2,4,4,4,4,2,2,3,3,3,3,3,4,4,4,1,4,2,4,4,1,4,2,4,1,4,4,"Ukrainians, Syrian refugees ",Female,25,Bachelor's degree or equivalent,"Non-manual skilled (office-based employment; e.g., secretary, administrator, assistant manager)",No religious affiliation,"White (including British, Irish, or any other White background)",6,Ukrainian
1,,,,,,,10,4,4,4,3,3,3,3,3,3,3,3,3,3,3,4,4,3,4,3,4,3,2,3,3,3,2,4,3,"People fleeing Ukraine, Afghanistan etc",Male,,Primary education,Prefer not to say,No religious affiliation,"White (including British, Irish, or any other White background)",5,Ukrainian
1,,,,,,,10,3,4,4,4,4,3,4,3,3,3,3,3,3,3,4,3,3,3,3,3,3,1,3,3,4,3,4,4,"Afghan refugees, Syrian refugees, Ukranian refugees",Female,27,Postgraduate or Master's degree or equivalent,"Professional or managerial (e.g., lawyer, university teacher, company manager)",No religious affiliation,"White (including British, Irish, or any other White background)",5,Ukrainian
1,,,,,,,10,3,3,4,3,2,2,3,2,3,3,3,3,4,4,3,2,1,4,1,4,4,1,4,1,4,1,4,4,"Syrian, Afghan, Ukrainian refugees",Female,29,Bachelor's degree or equivalent,"Professional or managerial (e.g., lawyer, university teacher, company manager)",No religious affiliation,"White (including British, Irish, or any other White background)",2,Ukrainian
1,,,,,,,10,3,4,3,2,3,4,4,3,4,3,3,3,3,3,3,4,4,3,4,3,2,4,1,4,3,4,3,4,African and middle eastern,Prefer not to say,27,Bachelor's degree or equivalent,"Skilled manual work (e.g., electrician, hairdresser, plumber)",Christian (any denomination),"White (including British, Irish, or any other White background)",8,Other
1,,,,,,,10,4,4,4,4,4,4,4,1,4,4,4,3,4,3,4,4,2,4,3,4,2,3,3,3,3,1,4,4,"Afghanistan refugees, African.",Male,39,Bachelor's degree or equivalent,"Professional or managerial (e.g., lawyer, university teacher, company manager)",No religious affiliation,"White (including British, Irish, or any other White background)",6,Other
4,,,,,,,10,4,4,4,4,4,4,4,2,4,3,3,3,3,4,3,4,3,2,3,3,2,3,3,4,3,2,3,3,Both of genuine asylum and economic migrants,Prefer not to say,,Postgraduate or Master's degree or equivalent,"Professional or managerial (e.g., lawyer, university teacher, company manager)",No religious affiliation,"White (including British, Irish, or any other White background)",7,Other
1,,,,,,,10,4,3,4,4,4,4,3,2,3,4,3,4,3,3,4,3,1,4,1,4,4,1,4,3,4,1,4,4,People fleeing war,Female,29,Bachelor's degree or equivalent,"Non-manual skilled (office-based employment; e.g., secretary, administrator, assistant manager)",No religious affiliation,"White (including British, Irish, or any other White background)",5,Other
2,,,,,,,10,4,3,2,3,3,4,3,3,3,3,2,2,2,2,3,4,3,4,1,4,4,1,4,2,4,1,4,4,Ukrainians ,Male,29,Bachelor's degree or equivalent,"Professional or managerial (e.g., lawyer, university teacher, company manager)",Christian (any denomination),"White (including British, Irish, or any other White background)",2,Ukrainian
1,,,,,,,10,4,2,3,4,4,3,2,1,4,3,3,3,4,3,4,4,3,3,2,4,2,1,3,1,2,1,4,3,Refugees crossing on boats,Prefer not to say,,Postgraduate or Master's degree or equivalent,"Professional or managerial (e.g., lawyer, university teacher, company manager)",No religious affiliation,"White (including British, Irish, or any other White background)",7,Other
1,,,,,,,10,4,4,4,3,4,4,3,4,3,3,3,2,4,2,2,1,4,1,4,4,2,2,3,4,2,3,3,4,"Iranians, Iraqis, Eriteans, Sudanese",Male,27,Bachelor's degree or equivalent,"Non-manual skilled (office-based employment; e.g., secretary, administrator, assistant manager)",Prefer not to say,"White (including British, Irish, or any other White background)",8,Other
2,French,,,,,0.4,14,3,2,3,2,4,3,3,2,3,4,4,4,3,3,3,3,2,4,1,4,3,1,3,1,3,1,3,3,Those displaced from their homes. Too many groups to write down.,Female,28,Bachelor's degree or equivalent,"Non-manual skilled (office-based employment; e.g., secretary, administrator, assistant manager)",No religious affiliation,"White (including British, Irish, or any other White background)",2,Other
1,,,,,,,10,3,4,4,3,3,4,4,3,3,3,1,3,1,4,2,4,4,3,4,2,2,3,1,4,2,2,3,4,"Eastern Europeans, Syrians, afgans",Female,30,Postgraduate or Master's degree or equivalent,"Professional or managerial (e.g., lawyer, university teacher, company manager)",No religious affiliation,"White (including British, Irish, or any other White background)",7,Other
1,German ,,,,,0.4,17,3,4,4,4,4,4,3,1,4,3,4,4,4,4,4,3,2,4,1,4,4,1,4,2,4,1,4,3,"Ukrainian, Afghanistans",Female,30,Bachelor's degree or equivalent,"Professional or managerial (e.g., lawyer, university teacher, company manager)",No religious affiliation,"White (including British, Irish, or any other White background)",6,Ukrainian
1,,,,,,,10,3,2,3,3,3,2,2,2,4,4,3,3,4,3,3,4,2,4,2,3,3,2,3,4,3,2,3,2,Desperate people,Female,66,Lower secondary education (up to age 16),"Non-manual skilled (office-based employment; e.g., secretary, administrator, assistant manager)",No religious affiliation,"White (including British, Irish, or any other White background)",4,Other
1,French,Spanish,,,,0.4,16,4,3,4,3,3,4,3,2,2,3,4,3,3,3,3,3,3,4,1,3,4,1,4,1,4,3,4,3,"Ukrainians , Afghans , Libyans ",Male,29,Bachelor's degree or equivalent,"Non-manual skilled (office-based employment; e.g., secretary, administrator, assistant manager)",No religious affiliation,"White (including British, Irish, or any other White background)",4,Ukrainian
1,,,,,,,10,4,4,4,4,1,1,1,1,4,4,3,4,4,4,4,4,1,4,3,4,4,1,4,1,4,1,4,3,"Those coming from Ukraine, Syria historically, anywhere were individuals have had to live their original country because of no fault of their own ",Male,30,Bachelor's degree or equivalent,"Professional or managerial (e.g., lawyer, university teacher, company manager)",No religious affiliation,"White (including British, Irish, or any other White background)",2,Ukrainian
4,Spanish,,,,,0.4,18,2,1,3,2,2,3,1,2,3,3,3,3,2,3,4,4,4,4,4,2,4,2,3,4,3,2,4,4,Refugees from war zones including Syria and bits of Africa,Male,26,Bachelor's degree or equivalent,"Professional or managerial (e.g., lawyer, university teacher, company manager)",Christian (any denomination),"White (including British, Irish, or any other White background)",8,Other
2,Portuguese (basic),,,,,0.4,12,2,2,3,4,4,4,2,2,3,4,4,3,4,3,4,4,1,4,2,4,4,1,4,1,4,1,4,4,"Ukranians, Syrians",Male,37,Bachelor's degree or equivalent,"Professional or managerial (e.g., lawyer, university teacher, company manager)",No religious affiliation,"White (including British, Irish, or any other White background)",2,Ukrainian
1,French,,,,,0.4,18,4,3,4,4,3,3,3,1,4,4,4,4,4,4,4,4,2,3,1,4,2,1,4,1,4,1,4,4,"People arriving in small boats, who wouldn't make that trip if they had another choice. Also Ukrainians. ",Female,48,Upper secondary education (up to age 18),"Non-manual skilled (office-based employment; e.g., secretary, administrator, assistant manager)",Christian (any denomination),"White (including British, Irish, or any other White background)",5,Ukrainian
1,,,,,,,10,4,4,4,4,4,4,4,2,4,3,3,2,3,4,4,4,2,4,1,4,4,1,4,1,4,1,4,3,I was thinking of those from war torn countries on particular however I would also say that those who have had to leave countries due to their beliefs or identity and are faced with imminent danger.,Male,26,Bachelor's degree or equivalent,"Professional or managerial (e.g., lawyer, university teacher, company manager)",No religious affiliation,"White (including British, Irish, or any other White background)",4,Other
1,,,,,,,10,3,3,4,4,4,3,3,2,4,4,3,4,4,3,3,4,2,4,2,4,4,1,4,3,4,1,4,3,No one in particular ,Female,57,Upper secondary education (up to age 18),"Professional or managerial (e.g., lawyer, university teacher, company manager)",No religious affiliation,"Mixed or multiple ethnic backgrounds (e.g. White and Black Caribbean, White and Asian)",4,Other
2,French,,,,,0.4,14,4,4,4,4,4,4,4,1,4,4,4,4,4,3,4,4,3,4,3,3,3,1,3,2,4,3,4,3,"Ukraine, Somalia, Syria, Ethiopia",Female,57,Bachelor's degree or equivalent,Retired,Christian (any denomination),"White (including British, Irish, or any other White background)",2,Ukrainian
4,,,,,,,10,4,4,4,4,4,4,3,2,4,4,4,4,4,4,4,4,2,4,2,3,4,2,4,2,3,1,4,3,Anyone that does not feel safe in their own home and leaves because they have to. Hello ,Female,56,Postgraduate or Master's degree or equivalent,"Professional or managerial (e.g., lawyer, university teacher, company manager)",Christian (any denomination),"White (including British, Irish, or any other White background)",8,Other
2,,,,,,,10,3,3,3,3,3,3,3,1,4,3,3,3,3,4,3,4,2,4,2,3,3,1,3,1,4,1,3,3,"Afghan refugees, Ukraine refugees ",Female,60,Postgraduate or Master's degree or equivalent,"Professional or managerial (e.g., lawyer, university teacher, company manager)",Christian (any denomination),"White (including British, Irish, or any other White background)",5,Ukrainian
1,,,,,,,10,4,3,4,3,4,3,3,1,4,4,4,4,4,4,4,4,2,4,2,4,3,2,4,2,3,2,4,3,"Iraqis, Afghans, Ukrainians",Female,33,Bachelor's degree or equivalent,"Non-manual skilled (office-based employment; e.g., secretary, administrator, assistant manager)",Other (please specify):,"White (including British, Irish, or any other White background)",4,Ukrainian
1,,,,,,,10,3,3,3,3,3,3,1,1,4,3,3,3,3,3,2,3,3,3,3,4,3,2,2,2,2,2,3,4,All ,Female,,Upper secondary education (up to age 18),Retired,Christian (any denomination),"White (including British, Irish, or any other White background)",5,Other
4,French,Spanish,Italian ,,,0.4,23,3,3,4,4,4,3,3,2,4,3,2,4,3,4,4,3,3,4,3,4,3,3,4,4,1,3,4,4,Syrian,Female,58,Postgraduate or Master's degree or equivalent,"Professional or managerial (e.g., lawyer, university teacher, company manager)",Christian (any denomination),"White (including British, Irish, or any other White background)",8,Other
2,,,,,,,10,4,4,4,4,4,4,4,1,4,4,4,4,4,4,4,4,3,4,1,4,4,1,4,1,3,1,4,3,People who are displaced and desperate for peace and happiness ,Female,57,Upper secondary education (up to age 18),"Non-manual skilled (office-based employment; e.g., secretary, administrator, assistant manager)",No religious affiliation,"White (including British, Irish, or any other White background)",1,Other
3,,,,,,,10,4,4,4,3,4,3,4,2,3,3,3,3,3,4,4,4,2,3,2,4,3,2,3,3,3,2,4,4,Asylum seekers ,Female,56,Postgraduate or Master's degree or equivalent,"Professional or managerial (e.g., lawyer, university teacher, company manager)",Christian (any denomination),"White (including British, Irish, or any other White background)",3,Other
3,,,,,,,10,3,2,4,3,4,2,2,3,3,3,3,2,4,2,3,4,1,4,2,3,4,1,4,2,4,1,4,3,"Historically, people from the Middle East (Iraq, Syria), more currently - Ukraine",Male,40,Bachelor's degree or equivalent,"Professional or managerial (e.g., lawyer, university teacher, company manager)",No religious affiliation,"White (including British, Irish, or any other White background)",3,Ukrainian
1,,,,,,,10,3,3,4,4,4,3,3,3,4,3,3,4,3,4,4,4,3,4,2,3,3,2,4,2,3,1,4,3,All who are struggling in the country that they came away from. ,Female,56,Lower secondary education (up to age 16),Retired,Church of England ,"White (including British, Irish, or any other White background)",5,Other
1,,,,,,,10,3,3,3,4,3,3,3,2,4,4,4,4,3,4,4,4,3,4,1,4,3,1,4,3,4,1,4,4,Syrian and Ukrainian ,Female,56,Bachelor's degree or equivalent,"Non-manual skilled (office-based employment; e.g., secretary, administrator, assistant manager)",Christian (any denomination),"White (including British, Irish, or any other White background)",5,Ukrainian
1,,,,,,,10,4,4,4,4,3,4,4,3,3,4,3,3,4,3,4,3,3,4,3,4,4,2,3,4,4,3,4,4,Afghans and boats from France,Female,59,Upper secondary education (up to age 18),"Non-manual skilled (office-based employment; e.g., secretary, administrator, assistant manager)",Christian (any denomination),"White (including British, Irish, or any other White background)",7,Other
4,,,,,,,10,3,3,3,3,3,3,3,1,4,4,4,4,3,3,4,4,3,4,2,3,2,2,2,2,3,3,4,4,Boat people coming across The Channel - already in a safe country but still intent to cross to the UK,Male,57,Upper secondary education (up to age 18),"Professional or managerial (e.g., lawyer, university teacher, company manager)",No religious affiliation,"White (including British, Irish, or any other White background)",6,Other
4,,,,,,,10,3,3,4,3,3,3,2,2,4,4,3,3,3,3,4,4,2,4,3,3,3,3,3,2,3,1,3,3,Ukraine refugees,Female,56,Bachelor's degree or equivalent,"Non-manual skilled (office-based employment; e.g., secretary, administrator, assistant manager)",Christian (any denomination),"White (including British, Irish, or any other White background)",6,Ukrainian
1,German,French,,,,0.4,23,4,2,3,2,4,3,2,2,3,4,3,3,2,3,4,3,2,4,2,3,4,2,3,2,3,2,4,4,"Afghans, Syrians, Ukrainians",Male,27,Postgraduate or Master's degree or equivalent,"Professional or managerial (e.g., lawyer, university teacher, company manager)",No religious affiliation,"White (including British, Irish, or any other White background)",3,Ukrainian
1,,,,,,,10,3,3,3,3,4,4,3,2,3,4,4,4,3,4,4,3,2,4,3,4,3,2,4,3,4,2,4,3,"Middle Eastern, Ukrainian ",Female,70,Bachelor's degree or equivalent,Retired,No religious affiliation,"White (including British, Irish, or any other White background)",5,Ukrainian
1,,,,,,,10,3,4,4,4,4,4,4,1,4,3,3,3,4,4,4,4,2,4,3,4,4,1,4,2,4,1,4,3,I disagree that refugees should be seen as a unanimous body of people as there is so much individual and cultural variation which was why I found it difficult to answer the previous questions. Maybe I was thinking of Syria and Ukrainian refugees if I had to choose two specific groups,Female,23,Bachelor's degree or equivalent,Student,No religious affiliation,"Mixed or multiple ethnic backgrounds (e.g. White and Black Caribbean, White and Asian)",2,Ukrainian
1,,,,,,,10,3,3,4,4,3,3,3,4,2,2,2,3,3,2,2,2,4,3,2,3,3,1,4,1,3,1,4,2,Ukrainians,Male,28,Bachelor's degree or equivalent,"Professional or managerial (e.g., lawyer, university teacher, company manager)",No religious affiliation,"White (including British, Irish, or any other White background)",4,Ukrainian
1,,,,,,,10,3,2,3,2,4,3,2,1,2,3,4,3,4,2,2,1,1,4,1,2,3,1,4,1,4,1,4,2,Syrian refugee family,Male,29,Postgraduate or Master's degree or equivalent,"Professional or managerial (e.g., lawyer, university teacher, company manager)",Christian (any denomination),"White (including British, Irish, or any other White background)",4,Other
3,,,,,,,10,4,3,4,3,4,3,3,3,4,3,3,3,4,3,4,3,2,3,3,4,3,3,3,3,4,2,3,4,Refugees from Africa and Indian sub continent ,Male,63,Lower secondary education (up to age 16),Retired,Christian (any denomination),"White (including British, Irish, or any other White background)",5,Other
1,Hindi,,,,,0.6,16,4,4,4,2,4,4,4,1,4,4,4,4,4,4,4,4,4,4,4,4,3,1,4,4,4,2,4,3,"Middle Eastern, Asians, Europeans",Male,26,Postgraduate or Master's degree or equivalent,"Professional or managerial (e.g., lawyer, university teacher, company manager)",Prefer not to say,"Asian (e.g. Indian, Pakistani, Bangladeshi, Chinese)",6,Other
1,Spanish,,,,,0.4,15,1,3,3,2,3,1,3,1,3,3,2,3,3,4,3,4,2,4,2,4,4,3,4,3,4,2,4,4,"Syrians, Ukranians, Afgans, anyone fleeing war torn countries",Male,29,Bachelor's degree or equivalent,"Professional or managerial (e.g., lawyer, university teacher, company manager)",No religious affiliation,"White (including British, Irish, or any other White background)",6,Ukrainian
2,,,,,,,10,2,3,4,3,3,2,2,3,4,3,3,3,2,3,4,3,1,4,2,3,4,1,4,1,4,1,4,3,"From North Africa via Calais, from Middle East/Syria. From Ukraine. ",Male,29,Bachelor's degree or equivalent,"Professional or managerial (e.g., lawyer, university teacher, company manager)",Christian (any denomination),"White (including British, Irish, or any other White background)",3,Ukrainian
2,,,,,,,10,3,3,4,3,3,3,3,2,4,3,2,2,2,3,3,2,2,4,3,4,3,1,3,2,2,1,4,2,Mostly Syrian and Ukrainian,Male,27,Bachelor's degree or equivalent,"Professional or managerial (e.g., lawyer, university teacher, company manager)",No religious affiliation,"White (including British, Irish, or any other White background)",5,Ukrainian
1,Spanish,,,,,0.4,12,3,3,4,2,2,3,3,2,3,3,2,3,4,3,3,3,2,4,3,3,3,2,3,1,4,1,3,3,"Ukrainian refugees, and also the groups associated with crossing the channel / Mediterranean ",Male,31,Bachelor's degree or equivalent,"Non-manual skilled (office-based employment; e.g., secretary, administrator, assistant manager)",No religious affiliation,"White (including British, Irish, or any other White background)",3,Ukrainian
1,,,,,,,10,3,3,4,4,4,4,3,2,3,4,4,4,4,4,3,3,1,4,1,4,4,2,4,1,4,1,4,4,People fleeing conflict and persecution in their home countries. Economic migrants. ,Female,31,Bachelor's degree or equivalent,"Non-manual skilled (office-based employment; e.g., secretary, administrator, assistant manager)",No religious affiliation,"White (including British, Irish, or any other White background)",2,Other
1,,,,,,,10,3,2,4,3,4,3,2,1,4,4,4,4,4,3,4,4,1,4,1,4,4,1,4,1,4,1,4,2,No group in particular. Iâ€™m just answering with refugees in general on my mind. ,Female,33,Bachelor's degree or equivalent,"Non-manual skilled (office-based employment; e.g., secretary, administrator, assistant manager)",No religious affiliation,"White (including British, Irish, or any other White background)",4,Other
3,Spanish ,French ,Japanese ,,,1,30,4,3,4,4,3,4,4,2,4,4,4,3,4,4,4,4,1,4,1,4,4,1,4,1,4,1,4,4,"Refugees from Ukraine, Syria, Sri Lanka etc ",Female,23,Postgraduate or Master's degree or equivalent,Student,Hindu,"Mixed or multiple ethnic backgrounds (e.g. White and Black Caribbean, White and Asian)",2,Ukrainian
4,norwegian ,french ,,,,0.4,24,4,4,4,4,4,4,3,3,3,4,3,3,4,3,4,4,1,4,1,4,4,1,4,1,4,1,4,3,Syrian refugees,Male,20,Upper secondary education (up to age 18),Student,No religious affiliation,"White (including British, Irish, or any other White background)",1,Other
1,French,Spanish,,,,0.4,26,3,4,4,1,4,3,3,2,3,3,2,2,3,4,3,3,2,4,1,3,4,1,4,1,4,1,4,3,Refugees from middle east and Ukraine ,Female,20,Bachelor's degree or equivalent,Student,No religious affiliation,"White (including British, Irish, or any other White background)",3,Ukrainian
3,Spanish,Dutch,French,German,,0.4,41,4,4,4,4,4,4,4,1,4,4,4,4,4,3,4,3,1,4,2,4,4,1,4,2,4,1,4,3,Ukrainians currently ,Female,21,Bachelor's degree or equivalent,Student,No religious affiliation,"Mixed or multiple ethnic backgrounds (e.g. White and Black Caribbean, White and Asian)",3,Ukrainian
1,Catalan,Spanish,,,,0.4,23,4,3,4,3,3,4,3,2,3,3,3,4,3,3,4,3,2,4,2,3,4,1,4,2,4,1,4,3,Ukrainian refugees,Female,22,Bachelor's degree or equivalent,Student,Christian (any denomination),"White (including British, Irish, or any other White background)",2,Ukrainian
1,Spanish,Italian,,,,0.4,26,3,3,4,3,4,4,3,1,4,4,3,4,3,3,4,3,1,3,2,4,4,1,4,2,3,1,4,3,All Refugees,Male,21,Bachelor's degree or equivalent,Student,Prefer not to say,Prefer not to say,6,Other
1,Spanish,,,,,0.4,17,2,3,2,2,2,2,2,3,4,4,3,4,3,4,3,4,1,4,1,4,4,1,4,1,4,1,4,3,"People from the Middle East, parts of Africa, Ukraine (countries of war)",Female,20,Bachelor's degree or equivalent,Student,Christian (any denomination),"White (including British, Irish, or any other White background)",3,Ukrainian
3,French,,,,,0.4,16,4,4,3,4,4,4,4,1,4,4,4,4,4,4,3,4,3,4,1,4,3,1,4,1,4,1,4,3,"Syrian, Ukranian",Female,22,Upper secondary education (up to age 18),Student,No religious affiliation,"White (including British, Irish, or any other White background)",1,Ukrainian
1,French,German,,,,0.4,25,4,3,4,4,3,4,3,3,4,3,4,2,4,4,4,4,1,4,3,4,4,1,4,2,4,1,4,3,I was not thinking of any specific groups,Female,20,Bachelor's degree or equivalent,Student,Christian (any denomination),"White (including British, Irish, or any other White background)",7,Other
1,French,Spanish,,,,0.4,22,3,3,2,2,3,3,3,1,4,4,4,4,4,4,4,4,3,4,2,3,3,1,4,1,3,2,4,3,Syrians; Ukrainians,Male,20,Bachelor's degree or equivalent,Student,No religious affiliation,"White (including British, Irish, or any other White background)",3,Ukrainian
3,Spanish,,,,,0.4,17,2,2,3,3,3,2,3,3,3,2,2,2,2,3,2,3,3,4,2,3,3,1,3,3,3,2,3,3,Syria ,Female,22,Bachelor's degree or equivalent,Student,No religious affiliation,"White (including British, Irish, or any other White background)",6,Other
3,French,Russian,,,,0.4,26,4,4,4,4,4,3,4,2,4,4,3,4,4,3,4,4,1,4,1,4,4,1,4,1,4,1,3,4,"Ukrainian refugees, Syrian, African, Chinese Ouighurs ",Female,22,Upper secondary education (up to age 18),Student,Jewish,"White (including British, Irish, or any other White background)",3,Ukrainian
1,Spanish,,,,,0.4,16,3,2,3,4,3,3,2,2,3,4,3,3,3,4,3,4,1,4,1,4,4,1,4,2,4,1,4,3,"Ukrainian refugees and refugees from middle-eastern countries (e.g. Syria, Iraq, Afghanistan).",Male,21,Bachelor's degree or equivalent,Student,No religious affiliation,"White (including British, Irish, or any other White background)",3,Ukrainian
1,German,French,,,,0.4,17,4,3,4,4,4,4,3,2,3,3,3,4,4,4,4,3,1,4,2,4,4,1,4,1,3,1,4,3,Refugees fleeing from Ukranian war,Female,27,Bachelor's degree or equivalent,"Professional or managerial (e.g., lawyer, university teacher, company manager)",No religious affiliation,"White (including British, Irish, or any other White background)",5,Ukrainian
1,,,,,,,10,4,3,4,4,3,2,2,3,4,3,3,2,2,4,2,2,1,4,1,4,4,1,4,2,4,1,4,3,"Ukrainian, Libyan, Eastern European",Male,32,Bachelor's degree or equivalent,"Professional or managerial (e.g., lawyer, university teacher, company manager)",No religious affiliation,"White (including British, Irish, or any other White background)",3,Ukrainian
3,German,,,,,0.4,12,3,3,4,3,4,3,4,2,3,2,3,2,4,4,3,3,3,3,3,4,3,1,4,3,3,1,4,4,undefined,Male,35,Bachelor's degree or equivalent,"Professional or managerial (e.g., lawyer, university teacher, company manager)",No religious affiliation,"White (including British, Irish, or any other White background)",4,Other
2,,,,,,,10,2,2,3,2,3,2,2,3,3,3,3,2,3,3,3,4,2,4,2,4,3,1,3,3,4,1,4,4,"Asylum seekers from different countries e.g. Syria, or persecuted groups of people",Male,47,Bachelor's degree or equivalent,"Non-manual skilled (office-based employment; e.g., secretary, administrator, assistant manager)",No religious affiliation,"White (including British, Irish, or any other White background)",5,Other
1,,,,,,,10,3,3,4,3,4,4,3,2,3,3,3,3,3,3,4,3,1,4,1,3,4,1,3,1,3,1,4,3,"Ukraine nationals, Syrian nationals",Female,49,Bachelor's degree or equivalent,"Professional or managerial (e.g., lawyer, university teacher, company manager)",Christian (any denomination),"White (including British, Irish, or any other White background)",7,Ukrainian
1,French,Spanish,,,,0.4,14,4,3,4,4,4,3,3,1,2,3,2,3,4,2,4,2,1,4,2,4,4,1,4,2,4,1,4,2,Syrian Ukrainian Yemen ,Male,26,Bachelor's degree or equivalent,"Professional or managerial (e.g., lawyer, university teacher, company manager)",Christian (any denomination),"White (including British, Irish, or any other White background)",1,Ukrainian
2,German - intermediate ,,,,,0.4,14,3,4,3,3,2,2,2,3,3,4,2,2,4,4,2,2,3,4,3,1,3,2,3,2,2,1,2,3,"Channel migrant crossing. However as we just see the news and not the following settlement, it is hard to understand what value they are bringing ",Male,26,Bachelor's degree or equivalent,"Professional or managerial (e.g., lawyer, university teacher, company manager)",No religious affiliation,"Mixed or multiple ethnic backgrounds (e.g. White and Black Caribbean, White and Asian)",6,Other
1,French,Spanish,,,,0.4,16,3,4,4,3,4,3,4,3,3,4,2,3,4,4,4,4,1,4,2,4,3,1,4,2,4,1,4,3,Ukraine and  the middle east,Female,26,Postgraduate or Master's degree or equivalent,"Professional or managerial (e.g., lawyer, university teacher, company manager)",No religious affiliation,"White (including British, Irish, or any other White background)",3,Ukrainian
3,Tamil,Hindi,,,,0.6,20,3,3,3,2,2,3,3,3,3,2,1,2,2,3,3,3,2,4,3,3,3,2,3,2,4,1,3,3,"Middle Eastern refugees from Syria, Arab states. Ukrainian refugees. ",Male,27,Bachelor's degree or equivalent,"Professional or managerial (e.g., lawyer, university teacher, company manager)",Hindu,"Asian (e.g. Indian, Pakistani, Bangladeshi, Chinese)",3,Ukrainian
1,German,Spanish,,,,0.4,23,3,2,3,3,3,2,2,3,3,3,2,2,3,3,3,3,1,4,1,4,4,1,4,1,4,1,4,3,"Afghan refugees, Syrian, Ukrainian ",Female,29,Bachelor's degree or equivalent,"Professional or managerial (e.g., lawyer, university teacher, company manager)",No religious affiliation,"White (including British, Irish, or any other White background)",2,Ukrainian
2,French,,,,,0.4,17,3,2,4,4,4,4,2,2,2,4,2,3,4,3,4,2,1,4,1,4,4,1,4,1,4,1,4,1,"The migrants crossing the channel, those at threat of being processed in Rwanda ",Female,28,Bachelor's degree or equivalent,"Non-manual skilled (office-based employment; e.g., secretary, administrator, assistant manager)",Christian (any denomination),"White (including British, Irish, or any other White background)",4,Other
2,,,,,,,10,3,3,4,3,3,4,4,2,3,2,3,3,2,3,2,3,4,4,4,2,3,1,2,3,3,1,3,4,"Refugees from the Middle East, Africa and Ukraine",Male,25,Bachelor's degree or equivalent,"Professional or managerial (e.g., lawyer, university teacher, company manager)",Christian (any denomination),"White (including British, Irish, or any other White background)",6,Ukrainian
1,French,,,,,0.4,17,3,2,4,4,3,3,2,1,3,3,4,4,3,3,3,3,1,4,1,4,4,1,4,2,4,1,4,3,"Ukraine, Lebanon, Syria",Female,31,Postgraduate or Master's degree or equivalent,"Professional or managerial (e.g., lawyer, university teacher, company manager)",Christian (any denomination),"White (including British, Irish, or any other White background)",3,Ukrainian
2,Spanish ,Portuguese ,,,,0.4,22,4,4,4,3,4,3,4,2,3,3,3,2,4,3,4,4,2,4,3,4,3,2,4,1,3,2,4,4,Refugees from the Middle East and Ukraine given recent media coverage,Female,27,Bachelor's degree or equivalent,"Professional or managerial (e.g., lawyer, university teacher, company manager)",Christian (any denomination),"White (including British, Irish, or any other White background)",6,Ukrainian
3,Spanish,,,,,0.4,17,2,1,3,1,4,3,2,2,4,3,1,3,2,4,3,3,3,4,2,4,3,1,3,1,3,1,4,3,Refugees from recent conflicts in the Middle East and Ukraine,Male,27,Bachelor's degree or equivalent,"Professional or managerial (e.g., lawyer, university teacher, company manager)",No religious affiliation,"Mixed or multiple ethnic backgrounds (e.g. White and Black Caribbean, White and Asian)",5,Ukrainian
1,,,,,,,10,3,4,4,2,3,4,4,3,4,4,2,3,2,4,3,3,1,4,1,4,4,1,4,2,4,1,4,3,People from Middle East fleeing wars that we started and also Ukrainian refugees escaping the deadly ego trip of a dictator ,Male,24,Postgraduate or Master's degree or equivalent,"Non-manual skilled (office-based employment; e.g., secretary, administrator, assistant manager)",No religious affiliation,"White (including British, Irish, or any other White background)",0,Ukrainian
4,Spanish,French,,,,0.4,26,3,2,4,3,3,3,2,2,3,4,3,3,3,2,3,3,3,4,2,4,3,1,3,1,4,1,4,2,Refugees from the Middle East e.g. Syria or Afghanistan,Male,27,Postgraduate or Master's degree or equivalent,Student,No religious affiliation,"White (including British, Irish, or any other White background)",2,Other
3,Spanish ,Portuguese ,,,,0.4,22,3,3,4,2,4,3,2,2,4,4,4,4,2,3,3,4,1,4,2,4,4,1,4,1,4,1,4,2,"Afghan, Syrian",Female,26,Bachelor's degree or equivalent,"Non-manual skilled (office-based employment; e.g., secretary, administrator, assistant manager)",No religious affiliation,"White (including British, Irish, or any other White background)",3,Other
3,Spanish,Portuguese,French,German,,0.4,33,3,3,4,3,3,3,3,2,3,4,3,4,4,4,4,4,2,4,2,3,2,1,4,1,4,1,4,4,"People from North Africa, Syria, Ukraine, Iraq, Afghanistan",Male,27,Bachelor's degree or equivalent,"Professional or managerial (e.g., lawyer, university teacher, company manager)",No religious affiliation,"White (including British, Irish, or any other White background)",4,Ukrainian
4,Spanish,Portuguese,,,,0.4,21,4,3,4,4,4,4,3,2,3,3,3,4,4,2,4,3,1,4,1,4,4,1,4,1,4,1,4,3,"Syrian, Ukrainian and Afghan refugees ",Female,28,Bachelor's degree or equivalent,"Non-manual skilled (office-based employment; e.g., secretary, administrator, assistant manager)",Christian (any denomination),"White (including British, Irish, or any other White background)",2,Ukrainian
3,Spanish,French,,,,0.4,21,3,2,4,2,3,3,2,1,3,3,3,3,1,2,3,3,1,4,2,4,4,1,4,1,4,1,4,3,"Afghan, Syrian refugees",Female,26,Postgraduate or Master's degree or equivalent,"Non-manual skilled (office-based employment; e.g., secretary, administrator, assistant manager)",No religious affiliation,"White (including British, Irish, or any other White background)",3,Other
4,Portuguese ,,,,,0.4,18,4,4,4,4,3,4,4,1,4,4,4,4,3,3,3,4,1,4,1,4,4,1,4,1,4,1,4,3,"Syrian, Ukranian, Afghan ",Male,28,Other / prefer not to say,"Professional or managerial (e.g., lawyer, university teacher, company manager)",No religious affiliation,"White (including British, Irish, or any other White background)",3,Ukrainian
2,French,Arabic,,,,0.7,22,3,3,2,3,3,3,3,3,4,3,3,3,3,3,3,3,3,3,3,3,3,3,3,3,3,2,3,2,UK HO,Male,25,Bachelor's degree or equivalent,"Non-manual skilled (office-based employment; e.g., secretary, administrator, assistant manager)",Christian (any denomination),"Black, African, Carribean, or Black British",7,Other
1,Chinese,French   ,,,,0.7,18,2,3,3,2,3,3,2,3,3,4,2,2,2,2,3,3,3,3,2,2,2,4,3,3,2,3,3,4,The United States,Male,26,Bachelor's degree or equivalent,"Skilled manual work (e.g., electrician, hairdresser, plumber)",Christian (any denomination),"White (including British, Irish, or any other White background)",4,Other
1,French,,,,,0.4,16,3,2,4,3,3,4,2,3,3,3,4,2,3,1,3,2,2,2,3,3,2,2,3,4,1,3,4,3,Britain,Female,27,Bachelor's degree or equivalent,"Non-manual skilled (office-based employment; e.g., secretary, administrator, assistant manager)",Christian (any denomination),"White (including British, Irish, or any other White background)",5,Other
1,Chinese,Malay,,,,0.7,19,3,3,2,2,3,2,3,2,3,2,1,4,2,2,3,3,2,3,4,3,2,3,4,3,4,3,3,2,China,Male,30,Upper secondary education (up to age 18),"Non-manual skilled (office-based employment; e.g., secretary, administrator, assistant manager)",Christian (any denomination),"White (including British, Irish, or any other White background)",5,Other
1,Malay,China,,,,0.7,18,4,2,3,2,3,2,3,1,2,2,3,3,3,3,4,2,3,2,2,4,3,3,3,2,3,3,4,2,Malaysia,Female,28,Bachelor's degree or equivalent,"Non-manual skilled (office-based employment; e.g., secretary, administrator, assistant manager)",Christian (any denomination),"White (including British, Irish, or any other White background)",6,Other
1,Russian,,,,,0.4,13,3,3,2,2,3,2,2,3,3,3,4,2,4,3,2,4,2,4,2,3,3,2,3,2,3,2,3,2,The Russian language,Female,29,Bachelor's degree or equivalent,"Non-manual skilled (office-based employment; e.g., secretary, administrator, assistant manager)",Christian (any denomination),"White (including British, Irish, or any other White background)",6,Other
1,Chinese,,,,,0.7,13,3,4,2,3,2,3,4,3,2,2,3,4,3,2,2,3,3,3,3,4,2,3,2,3,3,3,2,3,Chinese,Female,34,Bachelor's degree or equivalent,"Non-manual skilled (office-based employment; e.g., secretary, administrator, assistant manager)",Christian (any denomination),"White (including British, Irish, or any other White background)",7,Other
1,,,,,,,10,1,2,3,3,3,2,1,3,3,3,3,2,2,3,3,4,2,3,4,2,3,4,2,3,3,4,2,2,English,Male,32,Upper secondary education (up to age 18),"Semi-skilled manual work (e.g., shop assistant, driver, waiter/waitress",Christian (any denomination),"White (including British, Irish, or any other White background)",5,Other
1,Chinese,Russian,,,,0.7,18,2,3,2,2,3,2,3,2,4,2,3,3,3,2,2,2,2,3,2,3,4,3,2,2,2,3,3,3,English,Female,27,Bachelor's degree or equivalent,"Non-manual skilled (office-based employment; e.g., secretary, administrator, assistant manager)",Christian (any denomination),"White (including British, Irish, or any other White background)",7,Other
1,Malay,Chinese,,,,0.7,17,4,3,4,2,4,3,4,2,2,2,3,4,3,2,3,3,4,3,3,2,2,4,3,3,4,2,3,2,Chinese,Male,35,Bachelor's degree or equivalent,"Non-manual skilled (office-based employment; e.g., secretary, administrator, assistant manager)",Christian (any denomination),"White (including British, Irish, or any other White background)",7,Other
1,Russian,,,,,0.4,13,2,2,3,2,2,2,3,3,2,3,2,3,2,4,3,3,3,2,3,3,3,3,2,3,2,2,3,3,The Russian language,Female,34,Upper secondary education (up to age 18),"Non-manual skilled (office-based employment; e.g., secretary, administrator, assistant manager)",Christian (any denomination),"White (including British, Irish, or any other White background)",6,Other
4,French,,,,,0.4,16,2,3,2,3,2,3,2,3,3,3,4,3,2,3,3,4,3,2,3,2,2,3,3,3,3,2,2,3,refugees,Male,33,Bachelor's degree or equivalent,"Non-manual skilled (office-based employment; e.g., secretary, administrator, assistant manager)",Christian (any denomination),"White (including British, Irish, or any other White background)",5,Other
3,French ,Spanish ,,,,0.4,27,4,3,4,3,3,4,4,4,3,4,4,4,3,3,4,4,1,4,1,4,3,1,3,1,4,1,4,3,Black refugees,Male,26,Bachelor's degree or equivalent,"Skilled manual work (e.g., electrician, hairdresser, plumber)",Muslim (Sunni or Shia),"Mixed or multiple ethnic backgrounds (e.g. White and Black Caribbean, White and Asian)",5,Other
1,,,,,,,10,2,2,3,2,2,2,2,2,3,3,3,3,3,4,4,4,2,4,2,4,4,1,4,2,3,2,4,3,Ukranianâ€™s fleeing the war and individuals from places like Afghanistan ,Female,22,Postgraduate or Master's degree or equivalent,"Professional or managerial (e.g., lawyer, university teacher, company manager)",No religious affiliation,"White (including British, Irish, or any other White background)",1,Ukrainian
1,,,,,,,10,3,3,4,4,3,3,3,2,4,3,2,3,4,4,3,4,1,4,3,4,4,1,4,1,4,1,4,3,"Ukrainians, Middle Eastern's, ",Male,22,Bachelor's degree or equivalent,Student,No religious affiliation,"White (including British, Irish, or any other White background)",4,Ukrainian
2,,,,,,,10,4,3,4,4,4,4,3,1,3,4,4,3,4,3,4,4,1,4,1,4,4,2,4,1,3,1,4,3,Refugees from Syria and Ukraine,Female,32,Postgraduate or Master's degree or equivalent,Student,No religious affiliation,"White (including British, Irish, or any other White background)",1,Ukrainian
1,,,,,,,10,3,3,3,4,4,3,3,1,3,3,3,4,3,4,4,4,2,4,1,4,4,1,4,2,4,1,4,2,Any person who has fled an unsafe country ,Female,23,Upper secondary education (up to age 18),"Professional or managerial (e.g., lawyer, university teacher, company manager)",Christian (any denomination),"White (including British, Irish, or any other White background)",5,Other
1,,,,,,,10,3,3,4,4,4,4,3,1,4,3,3,3,3,4,3,4,1,4,2,3,4,1,4,1,4,2,4,3,"people from ukraine, syria",Female,41,Postgraduate or Master's degree or equivalent,"Professional or managerial (e.g., lawyer, university teacher, company manager)",Spiritual ,"White (including British, Irish, or any other White background)",2,Ukrainian
1,,,,,,,10,3,4,4,3,4,3,3,2,3,3,2,2,3,3,3,3,2,4,2,4,4,1,4,3,3,1,4,3,"Syrian, Ukrainian etc ",Female,21,Bachelor's degree or equivalent,Student,No religious affiliation,"White (including British, Irish, or any other White background)",5,Ukrainian
1,French,,,,,0.4,14,3,3,4,4,4,3,3,1,3,3,3,4,3,4,4,3,1,4,1,4,3,1,4,1,4,1,4,2,Ukranians,Male,,Bachelor's degree or equivalent,"Professional or managerial (e.g., lawyer, university teacher, company manager)",No religious affiliation,"White (including British, Irish, or any other White background)",3,Ukrainian
1,Urdu ,,,,,0.6,14,3,3,4,3,3,3,3,2,3,3,3,3,4,4,4,4,2,3,2,3,4,1,4,2,4,1,4,3,Ukrainian refugees ,Female,29,Postgraduate or Master's degree or equivalent,"Professional or managerial (e.g., lawyer, university teacher, company manager)",Muslim (Sunni or Shia),"Asian (e.g. Indian, Pakistani, Bangladeshi, Chinese)",4,Ukrainian
1,,,,,,,10,3,2,3,4,4,3,2,3,2,3,2,2,2,3,3,2,1,3,1,2,3,1,3,1,3,2,4,3,Ukrainians and sirians,Female,38,Upper secondary education (up to age 18),"Non-manual skilled (office-based employment; e.g., secretary, administrator, assistant manager)",No religious affiliation,"White (including British, Irish, or any other White background)",5,Ukrainian
3,Spanish,,,,,0.4,16,4,3,4,4,4,4,3,2,4,3,3,3,3,3,4,3,1,4,1,1,4,1,4,1,4,1,4,4,Refugees from Syria,Female,30,Bachelor's degree or equivalent,"Professional or managerial (e.g., lawyer, university teacher, company manager)",No religious affiliation,"White (including British, Irish, or any other White background)",2,Other
1,Spanish,,,,,0.4,15,3,3,4,3,3,4,3,2,3,3,2,2,3,3,3,3,2,4,1,4,2,3,4,2,3,2,3,3,People fleeing from war,Female,19,Upper secondary education (up to age 18),Student,No religious affiliation,"White (including British, Irish, or any other White background)",4,Other
1,,,,,,,10,3,3,4,2,3,3,3,3,3,3,2,2,3,3,3,3,3,4,2,2,3,2,3,3,2,2,3,4,No group in particular.,Female,29,Upper secondary education (up to age 18),"Non-manual skilled (office-based employment; e.g., secretary, administrator, assistant manager)",No religious affiliation,"White (including British, Irish, or any other White background)",0,Other
4,Spanish,,,,,0.4,15,4,3,4,4,4,4,3,2,3,3,3,4,3,3,3,3,3,4,3,4,2,2,4,2,3,2,4,4,Ukraine,Female,68,Lower secondary education (up to age 16),Retired,Christian (any denomination),"White (including British, Irish, or any other White background)",6,Ukrainian
4,,,,,,,10,4,3,4,4,4,4,3,1,3,4,4,4,4,3,3,4,1,4,1,4,4,1,4,1,4,1,4,2,Specifically Ukrainian refugees,Female,33,Bachelor's degree or equivalent,"Non-manual skilled (office-based employment; e.g., secretary, administrator, assistant manager)",No religious affiliation,"White (including British, Irish, or any other White background)",0,Ukrainian
1,,,,,,,10,3,3,3,4,2,2,2,3,3,3,2,2,3,4,4,3,1,4,1,4,4,1,4,1,4,1,4,2,I was generally thinking of Asian and Ukrainian immigrants ,Female,22,Upper secondary education (up to age 18),Student,No religious affiliation,"White (including British, Irish, or any other White background)",2,Ukrainian
1,French,,,,,0.4,15,4,4,4,3,4,4,4,2,3,3,3,3,4,4,3,4,2,4,3,4,3,1,4,2,4,2,4,4,Ukrainian ,Female,67,Postgraduate or Master's degree or equivalent,"Professional or managerial (e.g., lawyer, university teacher, company manager)",No religious affiliation,"White (including British, Irish, or any other White background)",2,Ukrainian
1,,,,,,,10,3,3,3,3,3,3,2,3,4,4,3,3,3,4,4,4,2,4,2,4,3,1,3,1,4,1,4,3,Refugees from middle eastern countries,Female,27,Bachelor's degree or equivalent,"Professional or managerial (e.g., lawyer, university teacher, company manager)",No religious affiliation,"White (including British, Irish, or any other White background)",1,Other
1,,,,,,,10,4,4,4,3,3,4,4,2,3,2,3,3,3,3,4,3,3,4,4,3,3,4,3,4,3,2,4,4,"People fleeing from Ukraine, or coming over to the UK from France in small boats.",Male,30,Bachelor's degree or equivalent,Prefer not to say,No religious affiliation,"White (including British, Irish, or any other White background)",4,Ukrainian
1,,,,,,,10,3,3,3,3,4,3,3,2,3,2,3,3,2,4,3,3,3,4,2,4,4,1,4,3,4,1,4,3,mostly I was thinking of refugees from countries in the middle east such as Syria,Female,31,Postgraduate or Master's degree or equivalent,"Professional or managerial (e.g., lawyer, university teacher, company manager)",Christian (any denomination),"White (including British, Irish, or any other White background)",3,Other
3,,,,,,,10,3,3,3,3,3,3,3,2,3,3,3,3,3,3,3,3,2,3,3,4,3,3,3,1,3,1,3,3,Afghans. Syrians. Ukrainians,Male,41,Postgraduate or Master's degree or equivalent,"Non-manual skilled (office-based employment; e.g., secretary, administrator, assistant manager)",No religious affiliation,"White (including British, Irish, or any other White background)",1,Ukrainian
1,,,,,,,10,4,3,4,4,3,3,3,2,3,4,3,4,3,3,3,4,2,4,3,4,4,1,3,2,1,1,4,4,Most European groups or those who have been through difficult situations at home,Female,25,Postgraduate or Master's degree or equivalent,"Non-manual skilled (office-based employment; e.g., secretary, administrator, assistant manager)",Christian (any denomination),"White (including British, Irish, or any other White background)",7,Other
1,,,,,,,10,3,4,4,2,4,3,4,1,4,3,2,3,3,4,3,4,4,3,4,3,2,2,3,4,2,3,3,4,"Migrants who cross over 3 cpuntries to reach the uk, when they shpuld legally seek asylum in the first cpuntry they get to. Also the ukranian refugees",Female,36,Upper secondary education (up to age 18),"Skilled manual work (e.g., electrician, hairdresser, plumber)",No religious affiliation,"White (including British, Irish, or any other White background)",5,Ukrainian
1,,,,,,,10,3,3,4,4,4,3,3,2,4,4,4,4,3,4,4,4,4,3,4,3,2,3,2,4,2,3,3,3,Illegal refugees,Female,43,Primary education,"Unskilled/casual work (e.g., labourer, cleaner, fruit-picker)",No religious affiliation,"White (including British, Irish, or any other White background)",5,Other
1,,,,,,,10,3,2,4,2,4,2,3,2,4,4,3,4,3,3,3,3,1,4,2,4,3,2,3,1,4,2,3,4,"People fleeing conflict or fear.  I find it harder to empathise with economic migrants, but then I donâ€™t know any.",Female,67,Upper secondary education (up to age 18),Retired,Christian (any denomination),"White (including British, Irish, or any other White background)",6,Other
1,,,,,,,10,4,4,4,4,4,4,4,1,4,4,4,4,4,4,4,4,4,4,3,3,2,2,3,3,1,3,4,4,Any and all refugees ,Female,38,Lower secondary education (up to age 16),Prefer not to say,No religious affiliation,"White (including British, Irish, or any other White background)",2,Other
1,,,,,,,10,4,3,4,3,3,3,3,2,3,3,3,3,3,2,4,2,2,4,2,3,3,1,4,2,4,2,3,3,Mainly people fleeing war or running for some other reason to do with their or their families safety.,Female,28,Lower secondary education (up to age 16),Prefer not to say,No religious affiliation,"White (including British, Irish, or any other White background)",3,Other
1,,,,,,,10,4,3,4,3,4,4,2,1,4,3,3,2,3,4,3,3,3,3,3,2,2,1,3,3,4,2,3,3,refugess,Female,27,Upper secondary education (up to age 18),"Non-manual skilled (office-based employment; e.g., secretary, administrator, assistant manager)",No religious affiliation,"White (including British, Irish, or any other White background)",5,Other
2,Tagalog,,,,,0.5,18,4,3,4,3,2,3,4,3,3,2,3,4,3,2,3,3,2,3,1,3,1,1,4,2,4,1,4,3,Middle east,Male,24,Upper secondary education (up to age 18),"Semi-skilled manual work (e.g., shop assistant, driver, waiter/waitress",Christian (any denomination),"Black, African, Carribean, or Black British",7,Other
1,,,,,,,10,3,3,4,3,3,3,3,1,3,3,3,3,3,3,3,4,3,4,3,4,3,1,3,3,4,3,3,4,People displaced by war.,Male,72,Other / prefer not to say,Retired,Christian (any denomination),"White (including British, Irish, or any other White background)",5,Other
1,,,,,,,10,3,3,3,3,3,3,3,1,3,3,3,3,3,3,3,3,2,4,2,4,2,1,3,3,3,1,3,3,None particularly ,Female,,Postgraduate or Master's degree or equivalent,Student,No religious affiliation,"White (including British, Irish, or any other White background)",3,Other
1,,,,,,,10,4,3,3,4,4,4,3,1,4,4,3,4,4,3,3,4,2,4,1,4,3,1,4,1,3,1,4,3,"Refugees from Syria, Ukraine and Israel/Palestine",Female,27,Bachelor's degree or equivalent,"Professional or managerial (e.g., lawyer, university teacher, company manager)",No religious affiliation,"White (including British, Irish, or any other White background)",2,Ukrainian
1,,,,,,,10,1,2,3,3,2,1,1,2,3,4,1,4,3,3,4,4,1,3,3,4,4,1,3,1,4,2,4,3,Eastern European and Asian Refugees,Male,21,Bachelor's degree or equivalent,Student,No religious affiliation,"White (including British, Irish, or any other White background)",3,Other
1,,,,,,,10,3,3,3,3,3,3,3,2,3,3,2,3,3,3,3,3,2,3,1,3,3,1,3,2,2,2,3,3,Ukrainian refugees,Female,39,Bachelor's degree or equivalent,"Professional or managerial (e.g., lawyer, university teacher, company manager)",No religious affiliation,"White (including British, Irish, or any other White background)",5,Ukrainian
4,German,,,,,0.4,16,2,3,3,1,2,1,3,3,2,3,1,3,2,2,4,4,2,4,1,4,3,1,4,2,4,3,4,4,A mixture of people risking their and their children lives in tiny boats crossing the English Channel seeking safety. There is also in the back of my mind a group of young fit men who have come to the UK to commit crime or exploit the system for no other reason than it's easier here than in their home country. ,Male,66,Upper secondary education (up to age 18),Retired,No religious affiliation,"White (including British, Irish, or any other White background)",3,Other
1,French,,,,,0.4,14,2,2,3,1,4,1,1,2,4,4,1,1,1,4,3,3,1,4,1,2,3,1,4,1,4,1,3,4,"Syrians, Afghans, Iranians, Iraqis, Somalians, Yemenese",Male,28,Bachelor's degree or equivalent,"Skilled manual work (e.g., electrician, hairdresser, plumber)",No religious affiliation,"White (including British, Irish, or any other White background)",2,Other
1,,,,,,,10,3,2,2,3,3,3,3,3,3,3,2,3,2,2,3,3,3,3,3,2,3,3,3,3,1,1,3,4,Ukrainian refugees,Female,29,Bachelor's degree or equivalent,"Professional or managerial (e.g., lawyer, university teacher, company manager)",No religious affiliation,"White (including British, Irish, or any other White background)",5,Ukrainian
1,French,,,,,0.4,13,3,3,4,4,4,4,3,2,3,3,3,3,3,3,3,4,1,4,1,3,3,1,3,2,3,3,4,4,"Africa, Middle East",Female,42,Bachelor's degree or equivalent,"Professional or managerial (e.g., lawyer, university teacher, company manager)",Christian (any denomination),"White (including British, Irish, or any other White background)",5,Other
1,,,,,,,10,3,3,3,3,3,3,3,1,3,3,2,2,2,2,3,3,1,4,1,4,3,1,4,1,4,1,4,3,Syrian and Ukranian refugees,Female,26,Upper secondary education (up to age 18),"Non-manual skilled (office-based employment; e.g., secretary, administrator, assistant manager)",No religious affiliation,"White (including British, Irish, or any other White background)",3,Ukrainian
1,,,,,,,10,3,2,3,3,3,2,3,3,3,3,3,3,3,3,2,3,3,3,3,3,3,3,3,4,3,2,3,3,"Serians, and people from Ukraine.",Male,43,Bachelor's degree or equivalent,"Non-manual skilled (office-based employment; e.g., secretary, administrator, assistant manager)",No religious affiliation,"White (including British, Irish, or any other White background)",5,Ukrainian
4,French,,,,,0.4,13,3,4,4,3,3,3,4,2,3,4,3,4,4,3,3,4,1,4,1,4,4,1,4,2,4,1,4,3,Syrian refugees ,Female,29,Bachelor's degree or equivalent,"Skilled manual work (e.g., electrician, hairdresser, plumber)",No religious affiliation,"White (including British, Irish, or any other White background)",0,Other
2,French,,,,,0.4,13,3,3,4,3,4,3,3,1,4,4,4,4,4,4,4,4,2,3,2,3,3,2,3,2,3,2,4,3,Ukrainians ,Female,29,Bachelor's degree or equivalent,"Professional or managerial (e.g., lawyer, university teacher, company manager)",Christian (any denomination),"White (including British, Irish, or any other White background)",5,Ukrainian
1,,,,,,,10,2,2,4,3,4,3,2,3,3,3,2,3,3,3,3,3,2,4,2,4,3,2,4,1,3,2,4,3,Refugees fleeing Ukraine ,Female,31,Postgraduate or Master's degree or equivalent,"Professional or managerial (e.g., lawyer, university teacher, company manager)",No religious affiliation,"White (including British, Irish, or any other White background)",3,Ukrainian
1,,,,,,,10,4,3,4,4,4,4,3,1,4,4,4,3,4,3,4,3,1,4,1,4,4,1,4,1,4,1,4,3,"Given current events, refugees from Ukraine were strongly in my mind, however I was also thinking of refugees from other parts of the world, including Syria, Afghanistan and Iraq.",Female,33,Postgraduate or Master's degree or equivalent,"Non-manual skilled (office-based employment; e.g., secretary, administrator, assistant manager)",No religious affiliation,"White (including British, Irish, or any other White background)",1,Ukrainian
1,,,,,,,10,2,2,3,2,2,2,2,3,1,1,1,1,1,1,1,2,3,4,1,4,2,1,4,4,2,2,4,3,"ukraine, syria and other middle eastern countries, people fleeing war in their home country",Female,29,Bachelor's degree or equivalent,"Non-manual skilled (office-based employment; e.g., secretary, administrator, assistant manager)",No religious affiliation,"White (including British, Irish, or any other White background)",4,Ukrainian
1,,,,,,,10,3,3,4,3,3,3,2,2,4,4,4,4,3,3,3,4,3,4,2,3,4,2,3,3,3,2,3,4,Ukraine,Female,34,Upper secondary education (up to age 18),"Unskilled/casual work (e.g., labourer, cleaner, fruit-picker)",Christian (any denomination),"White (including British, Irish, or any other White background)",5,Ukrainian
1,,,,,,,10,4,3,4,2,4,4,3,2,3,2,2,3,3,3,3,2,2,3,2,3,3,2,3,2,3,2,3,3,"Ukrainians, Syrians",Female,30,Postgraduate or Master's degree or equivalent,"Professional or managerial (e.g., lawyer, university teacher, company manager)",No religious affiliation,"White (including British, Irish, or any other White background)",6,Ukrainian
1,French,German,Russian,,,0.4,19,1,2,2,3,1,1,2,2,4,4,3,4,3,4,4,4,1,4,1,4,3,1,4,1,4,1,4,2,"Ukrainian refugees, children who have fled their home country to find a safer place in the UK",Female,25,Bachelor's degree or equivalent,"Semi-skilled manual work (e.g., shop assistant, driver, waiter/waitress",No religious affiliation,"White (including British, Irish, or any other White background)",1,Ukrainian
1,,,,,,,10,2,2,2,2,2,2,2,2,3,3,2,2,2,3,2,3,1,4,2,3,3,1,3,2,3,1,3,3,ukraine,Female,49,Bachelor's degree or equivalent,"Non-manual skilled (office-based employment; e.g., secretary, administrator, assistant manager)",No religious affiliation,"White (including British, Irish, or any other White background)",5,Ukrainian
1,Welsh,,,,,,14,4,4,3,2,4,3,4,2,3,3,3,4,3,2,3,2,2,4,2,4,4,1,4,1,4,1,4,3,"I suppose mainly I was thinking of those fleeing war with the recent situation with Ukraine. However, I believe the same for stateless people, asylum seekers and other groups of refugee.",Female,20,Bachelor's degree or equivalent,Student,No religious affiliation,"White (including British, Irish, or any other White background)",2,Ukrainian
1,,,,,,,10,3,3,4,3,3,3,3,3,3,3,4,3,3,3,3,3,2,3,2,4,3,1,3,2,3,1,4,3,Different groups of refugees from war countries,Female,32,Postgraduate or Master's degree or equivalent,"Professional or managerial (e.g., lawyer, university teacher, company manager)",Christian (any denomination),"White (including British, Irish, or any other White background)",5,Other
1,,,,,,,10,2,2,2,3,2,2,2,3,4,4,3,4,3,2,3,3,2,4,3,4,3,2,3,2,3,1,4,3,"A range of refugees- people from Ukraine, Syria ",Female,39,Postgraduate or Master's degree or equivalent,"Professional or managerial (e.g., lawyer, university teacher, company manager)",Christian (any denomination),"White (including British, Irish, or any other White background)",5,Ukrainian
1,German,French,,,,0.4,17,2,1,1,1,3,2,1,3,3,3,2,3,2,2,3,3,1,4,3,4,3,1,4,4,4,2,4,3,"Ukrainians, Afghans, Syrians",Female,37,Bachelor's degree or equivalent,"Professional or managerial (e.g., lawyer, university teacher, company manager)",No religious affiliation,"White (including British, Irish, or any other White background)",5,Ukrainian
1,Welsh,,,,,,13,1,1,3,2,1,1,1,4,3,4,3,4,2,4,4,4,1,4,1,4,4,1,4,1,4,1,4,3,"Ukrainians, Syrians - including family locally, people from Afganistan, my friend from South Sudan when she needed to escape a conflict breakout.",Non-binary / third gender,36,Postgraduate or Master's degree or equivalent,"Non-manual skilled (office-based employment; e.g., secretary, administrator, assistant manager)","Pagan (Animist, see spirit in all things)","White (including British, Irish, or any other White background)",2,Ukrainian
1,,,,,,,10,2,2,2,1,2,2,2,3,4,3,3,2,2,3,4,4,3,4,3,3,3,2,3,2,3,1,3,3,Ukrainian,Male,48,Bachelor's degree or equivalent,"Semi-skilled manual work (e.g., shop assistant, driver, waiter/waitress",Christian (any denomination),"White (including British, Irish, or any other White background)",5,Ukrainian
1,,,,,,,10,3,3,3,3,3,3,3,2,3,3,2,2,3,3,3,4,1,4,1,3,4,1,4,1,3,1,4,3,Ukraine,Female,29,Bachelor's degree or equivalent,"Non-manual skilled (office-based employment; e.g., secretary, administrator, assistant manager)",No religious affiliation,"White (including British, Irish, or any other White background)",4,Ukrainian
1,,,,,,,10,4,4,4,4,4,3,4,1,4,4,4,4,4,4,4,4,4,1,4,1,1,4,1,4,1,4,1,4,"people entering uk from safe countries, eg france",Female,54,Lower secondary education (up to age 16),"Non-manual skilled (office-based employment; e.g., secretary, administrator, assistant manager)",Christian (any denomination),"White (including British, Irish, or any other White background)",8,Other
4,,,,,,,10,4,3,2,4,2,4,3,4,4,3,3,2,4,3,3,2,2,4,2,3,3,3,3,4,3,1,4,4,Syria,Male,25,Postgraduate or Master's degree or equivalent,"Professional or managerial (e.g., lawyer, university teacher, company manager)",No religious affiliation,"White (including British, Irish, or any other White background)",7,Other
1,,,,,,,10,3,4,3,3,3,3,3,3,3,3,3,3,3,3,3,3,3,3,3,3,3,3,3,2,3,3,3,3,No one in particular ,Female,28,Bachelor's degree or equivalent,"Non-manual skilled (office-based employment; e.g., secretary, administrator, assistant manager)",Christian (any denomination),"White (including British, Irish, or any other White background)",3,Other
1,,,,,,,10,3,2,3,3,3,3,2,2,4,3,3,3,3,3,3,3,3,4,1,2,2,2,3,2,3,3,3,4,currently Ukranians but also those coming over on boats from france,Female,35,Upper secondary education (up to age 18),"Skilled manual work (e.g., electrician, hairdresser, plumber)",Christian (any denomination),"White (including British, Irish, or any other White background)",5,Ukrainian
1,,,,,,,10,4,3,4,4,3,3,3,2,3,4,3,3,3,3,3,4,2,4,3,4,2,2,3,3,3,2,3,4,"Afghanistan mostly, not sure why.  Then ukrainians",Female,49,Bachelor's degree or equivalent,"Non-manual skilled (office-based employment; e.g., secretary, administrator, assistant manager)",No religious affiliation,"White (including British, Irish, or any other White background)",3,Ukrainian
1,,,,,,,10,3,3,4,4,4,3,3,3,4,4,3,3,3,4,4,3,1,4,3,4,3,1,4,1,4,2,4,3,"Refugees from Syria, Afghanistan and Ukraine",Female,68,Bachelor's degree or equivalent,Retired,No religious affiliation,"White (including British, Irish, or any other White background)",4,Ukrainian
1,Chinese (cantonese),,,,,0.8,12,3,3,3,3,3,3,2,3,3,2,2,2,2,3,3,3,3,3,2,3,3,1,3,2,3,1,4,3,Ukranian refugees in particular ,Female,32,Bachelor's degree or equivalent,Prefer not to say,No religious affiliation,"Asian (e.g. Indian, Pakistani, Bangladeshi, Chinese)",1,Ukrainian
4,,,,,,,10,3,3,4,3,4,3,3,2,4,4,4,4,4,4,4,4,1,4,2,4,4,1,4,1,4,1,4,3,"Anyone needing or wanting to live in a different country, but mostly those who are not safe in their home country.",Female,45,Bachelor's degree or equivalent,"Professional or managerial (e.g., lawyer, university teacher, company manager)",No religious affiliation,"White (including British, Irish, or any other White background)",0,Other
1,,,,,,,10,2,3,4,4,4,3,3,3,3,3,2,3,3,3,3,3,4,2,3,3,2,3,2,4,1,3,4,4,"Just generally people who come over to the UK,  no specific group",Female,51,Upper secondary education (up to age 18),"Semi-skilled manual work (e.g., shop assistant, driver, waiter/waitress",Christian (any denomination),"White (including British, Irish, or any other White background)",5,Other
1,,,,,,,10,3,3,3,4,4,3,3,2,3,3,2,2,3,3,3,4,3,3,3,3,3,2,3,3,2,2,3,4,European ,Male,36,Upper secondary education (up to age 18),"Semi-skilled manual work (e.g., shop assistant, driver, waiter/waitress",Christian (any denomination),"White (including British, Irish, or any other White background)",5,Other
1,,,,,,,10,3,3,3,3,3,3,3,3,3,3,3,3,3,3,3,3,3,3,3,3,3,3,3,3,2,2,2,2,I just thought of refuges I have seen in the news ,Female,23,Postgraduate or Master's degree or equivalent,"Professional or managerial (e.g., lawyer, university teacher, company manager)",Christian (any denomination),"White (including British, Irish, or any other White background)",5,Other
1,,,,,,,10,4,3,4,3,3,3,3,2,4,3,3,4,3,3,3,3,3,3,3,3,2,3,3,4,2,3,3,4,Mostly illegal refugees,Male,56,Upper secondary education (up to age 18),"Skilled manual work (e.g., electrician, hairdresser, plumber)",No religious affiliation,"White (including British, Irish, or any other White background)",7,Other
4,Vietnamese,Russian,,,,0.7,20,2,2,3,2,2,2,2,3,3,1,1,2,2,2,3,3,2,4,1,3,4,1,4,1,4,1,4,3,"Ukrainians, Middle East (eg. Syria, Libiya)",Female,34,Bachelor's degree or equivalent,"Professional or managerial (e.g., lawyer, university teacher, company manager)",No religious affiliation,"White (including British, Irish, or any other White background)",3,Ukrainian
1,,,,,,,10,3,2,3,3,3,2,2,2,4,4,3,3,3,4,3,3,2,4,3,3,3,2,3,3,4,1,4,3,People from the middle east e.g. Syria,Male,39,Lower secondary education (up to age 16),"Unskilled/casual work (e.g., labourer, cleaner, fruit-picker)",No religious affiliation,"White (including British, Irish, or any other White background)",4,Other
1,,,,,,,10,4,4,4,4,4,4,4,1,3,2,2,2,3,4,3,3,3,4,2,4,3,1,3,2,3,2,4,4,Migrants coming from France,Female,27,Other / prefer not to say,"Non-manual skilled (office-based employment; e.g., secretary, administrator, assistant manager)",No religious affiliation,"White (including British, Irish, or any other White background)",5,Other
1,,,,,,,10,3,3,4,1,4,3,3,2,3,3,2,3,3,3,4,3,3,3,3,3,2,2,2,2,2,2,3,4,The Eastern European men who threatened to gang rape me at the car wash several years ago. ,Female,34,Bachelor's degree or equivalent,"Professional or managerial (e.g., lawyer, university teacher, company manager)",Pagan,"White (including British, Irish, or any other White background)",5,Other
1,,,,,,,10,3,2,2,2,2,3,2,3,3,1,2,3,3,3,2,3,1,4,1,4,3,1,4,2,4,1,4,3,anyone fleeing war,Female,36,Upper secondary education (up to age 18),"Non-manual skilled (office-based employment; e.g., secretary, administrator, assistant manager)",No religious affiliation,"White (including British, Irish, or any other White background)",1,Other
1,,,,,,,10,3,3,3,3,3,3,3,2,3,3,3,3,3,3,4,3,3,4,2,3,3,2,3,3,3,2,3,3,Families who are fleeing their home country due to war or conflict. ,Female,33,Upper secondary education (up to age 18),"Professional or managerial (e.g., lawyer, university teacher, company manager)",No religious affiliation,"White (including British, Irish, or any other White background)",5,Other
1,,,,,,,10,2,3,3,3,2,3,3,3,4,4,3,3,3,3,3,3,2,4,2,4,2,1,4,1,4,1,4,4,Refugees with young children ,Female,25,Postgraduate or Master's degree or equivalent,"Professional or managerial (e.g., lawyer, university teacher, company manager)",Christian (any denomination),"White (including British, Irish, or any other White background)",5,Other
3,French,Spanish,Italian,Portuguese,,0.4,31,3,3,3,4,3,3,3,2,4,4,4,4,4,4,4,4,1,4,1,4,4,1,4,1,4,1,4,3,"Syrian and Ukrainian people, women from a range of countries, people at threat from war or political/religious extremism",Female,57,Postgraduate or Master's degree or equivalent,Retired,No religious affiliation,"White (including British, Irish, or any other White background)",2,Ukrainian
1,,,,,,,10,3,3,4,4,4,4,3,2,3,3,3,3,3,2,4,4,1,4,1,4,4,1,4,1,4,1,4,2,I was thinking of everyone displaced by extremities in their native countries. I was thinking about my family and how lucky we were to be born in a place that doesn't face threat of war or starvation. I was thinking about the recent Ukrainian refugee crisis but also thinking about different type of migrant groups who have faced up rest for many years. I was thinking of everyone that doesn't feel safe where they are.,Female,26,Bachelor's degree or equivalent,"Professional or managerial (e.g., lawyer, university teacher, company manager)",No religious affiliation,"White (including British, Irish, or any other White background)",0,Ukrainian
1,,,,,,,10,3,4,4,3,4,4,3,3,3,3,3,3,3,3,3,3,4,2,4,2,1,2,1,4,1,3,2,4,Iâ€™m thinking about anybody that comes to the UK illegally. I know that a lot of refugees already have refugee status in numerous other European counties. They have already passed through a number of safe countries. Asylum means seeking safety in the first safe county not passing through until you reach a country you want to live in,Female,29,Upper secondary education (up to age 18),"Professional or managerial (e.g., lawyer, university teacher, company manager)",No religious affiliation,"White (including British, Irish, or any other White background)",5,Other
1,,,,,,,10,2,2,3,3,3,2,2,2,3,3,2,3,3,4,3,4,2,3,3,4,3,2,4,2,2,1,3,3,Middle Eastern Refugees,Male,22,Upper secondary education (up to age 18),Student,No religious affiliation,"White (including British, Irish, or any other White background)",5,Other
1,,,,,,,10,3,3,4,3,4,3,3,2,4,3,2,3,3,3,4,3,2,4,1,3,4,1,4,2,3,1,3,3,no one in particular ,Female,23,Bachelor's degree or equivalent,"Non-manual skilled (office-based employment; e.g., secretary, administrator, assistant manager)",No religious affiliation,"White (including British, Irish, or any other White background)",1,Other
1,,,,,,,10,4,3,4,4,4,3,3,2,3,3,4,4,4,4,4,4,4,4,4,3,2,3,3,4,4,3,3,4,"As it is still too early to see how many genuine refugees from the Ukraine etc will arrive on our shores my answers were slewed towards ""refugees"" crossing illegally from France. ",Male,68,Upper secondary education (up to age 18),Retired,Christian (any denomination),"White (including British, Irish, or any other White background)",8,Ukrainian
2,,,,,,,10,3,3,3,2,4,2,2,4,2,3,1,2,2,3,3,3,3,3,4,2,2,1,3,4,3,3,3,4,No particular group ,Male,73,Upper secondary education (up to age 18),Retired,No religious affiliation,"White (including British, Irish, or any other White background)",8,Other
1,,,,,,,10,2,2,3,2,2,3,2,4,3,2,2,2,3,3,3,3,3,4,4,3,2,2,3,4,2,3,3,3,People I see day to day in my area,Female,42,Primary education,"Semi-skilled manual work (e.g., shop assistant, driver, waiter/waitress",No religious affiliation,"White (including British, Irish, or any other White background)",4,Other
1,French,German,Dutch,,,0.4,29,3,3,4,4,4,3,3,2,4,4,4,4,3,3,4,4,1,4,1,4,4,1,4,1,4,1,4,3,"I thought of the people seeking refuge from the war in Ukraine.  I also thought of families I met in my job as a teacher, when children from Iraq, Bosnia, Zimbabwe, Ethiopia and Congo were placed in my school.  They received very little support.",Female,66,Postgraduate or Master's degree or equivalent,Retired,No religious affiliation,"White (including British, Irish, or any other White background)",3,Ukrainian
1,,,,,,,10,3,2,3,3,3,2,2,2,4,3,3,3,3,4,3,4,2,4,2,4,4,1,4,2,4,2,4,4,The Ukranian refugees who have recently entered the country but also refugees from other countries,Female,45,Bachelor's degree or equivalent,"Non-manual skilled (office-based employment; e.g., secretary, administrator, assistant manager)",No religious affiliation,"White (including British, Irish, or any other White background)",3,Ukrainian
1,,,,,,,10,2,2,3,3,3,3,3,3,3,3,3,3,3,3,3,3,2,4,2,3,3,2,3,2,3,2,2,3,No one,Female,33,Upper secondary education (up to age 18),"Semi-skilled manual work (e.g., shop assistant, driver, waiter/waitress",Christian (any denomination),"Black, African, Carribean, or Black British",5,Other
1,,,,,,,10,3,3,3,3,3,3,3,2,2,2,2,2,2,3,3,3,3,3,3,3,2,2,3,3,2,2,3,3,The refugees we see/hear about the most in the media i.e. those coming across the channel on small boats,Female,27,Bachelor's degree or equivalent,"Professional or managerial (e.g., lawyer, university teacher, company manager)",No religious affiliation,"White (including British, Irish, or any other White background)",2,Other
1,,,,,,,10,3,3,4,3,4,4,3,2,4,3,3,4,3,4,4,4,1,4,1,4,4,1,4,2,4,2,4,3,Ukrainian refugees and Syrian refugees,Female,34,Postgraduate or Master's degree or equivalent,"Non-manual skilled (office-based employment; e.g., secretary, administrator, assistant manager)",Christian (any denomination),"White (including British, Irish, or any other White background)",3,Ukrainian
1,,,,,,,10,3,3,4,4,3,3,3,1,4,3,4,4,4,4,4,4,1,4,1,4,4,1,4,1,4,1,4,3,"Syrian refugees, Ukrainian refugees, Afghnistan",Male,27,Postgraduate or Master's degree or equivalent,"Non-manual skilled (office-based employment; e.g., secretary, administrator, assistant manager)",No religious affiliation,"White (including British, Irish, or any other White background)",0,Ukrainian
1,,,,,,,10,3,3,4,3,4,4,3,2,3,2,2,2,3,3,4,3,4,1,4,1,2,2,1,3,1,4,3,4,Syrian and Ukrainian ,Female,44,Lower secondary education (up to age 16),"Non-manual skilled (office-based employment; e.g., secretary, administrator, assistant manager)",Christian (any denomination),"White (including British, Irish, or any other White background)",6,Ukrainian
1,French,,,,,0.4,14,2,2,3,2,2,2,2,3,3,3,2,2,2,3,3,3,1,4,1,4,4,1,4,1,4,1,4,3,any refugees,Female,22,Upper secondary education (up to age 18),Student,No religious affiliation,"White (including British, Irish, or any other White background)",0,Other
1,,,,,,,10,2,1,2,1,2,2,1,2,3,4,3,3,3,3,4,3,3,4,1,4,3,1,3,2,4,1,4,4,"Ukrainian, Syrian",Male,24,Bachelor's degree or equivalent,Student,No religious affiliation,"Asian (e.g. Indian, Pakistani, Bangladeshi, Chinese)",2,Ukrainian
1,,,,,,,10,3,2,4,3,4,3,2,3,2,3,2,3,2,2,3,3,3,4,3,4,2,1,4,4,2,1,3,3,Ukrainian refugees ,Female,25,Upper secondary education (up to age 18),"Non-manual skilled (office-based employment; e.g., secretary, administrator, assistant manager)",Christian (any denomination),"White (including British, Irish, or any other White background)",5,Ukrainian
1,,,,,,,10,3,3,4,4,3,3,3,4,4,4,4,3,3,4,4,4,3,4,1,3,4,1,4,2,4,1,4,3,I was trying to think generally ,Female,31,Bachelor's degree or equivalent,"Non-manual skilled (office-based employment; e.g., secretary, administrator, assistant manager)",Christian (any denomination),"White (including British, Irish, or any other White background)",5,Other
1,,,,,,,10,3,1,3,3,3,2,2,1,4,3,3,3,3,3,3,3,1,4,1,4,4,1,4,1,4,1,4,3,Middle Eastern / Ukrainian,Male,30,Bachelor's degree or equivalent,"Professional or managerial (e.g., lawyer, university teacher, company manager)",No religious affiliation,"White (including British, Irish, or any other White background)",4,Ukrainian
1,,,,,,,10,3,3,3,3,3,3,3,2,3,3,2,3,3,3,4,4,2,4,2,4,1,1,4,2,4,1,4,3,Groups from Afghanistan or other war torn countries ,Female,22,Postgraduate or Master's degree or equivalent,Student,No religious affiliation,"White (including British, Irish, or any other White background)",2,Other
3,Norwegian ,Spanish ,,,,0.4,25,3,2,4,3,3,4,2,3,3,3,4,3,3,2,3,3,3,3,3,4,4,3,4,2,3,2,4,4,Refugees from Syria ,Female,24,Bachelor's degree or equivalent,"Non-manual skilled (office-based employment; e.g., secretary, administrator, assistant manager)",Christian (any denomination),"White (including British, Irish, or any other White background)",5,Other
1,,,,,,,10,3,3,4,4,4,4,4,1,4,4,4,3,4,3,3,4,2,4,2,4,4,1,4,1,4,2,4,3,"Refugees from war (Syria, Ukraine etc)",Female,25,Bachelor's degree or equivalent,"Non-manual skilled (office-based employment; e.g., secretary, administrator, assistant manager)",No religious affiliation,"White (including British, Irish, or any other White background)",2,Ukrainian
1,,,,,,,10,3,2,3,3,3,3,3,2,3,3,3,3,2,2,2,3,2,4,3,3,3,2,4,2,3,1,4,3,Ukranian and Syrian refugees but also refugees generally ,Female,38,Bachelor's degree or equivalent,Prefer not to say,No religious affiliation,"White (including British, Irish, or any other White background)",3,Ukrainian
1,,,,,,,10,4,4,4,4,4,4,4,3,3,3,3,3,3,3,3,3,3,3,3,3,3,3,2,3,2,2,4,3,Syrian refugees ,Female,44,Bachelor's degree or equivalent,Prefer not to say,Christian (any denomination),"White (including British, Irish, or any other White background)",5,Other
1,,,,,,,10,3,3,3,3,4,4,3,4,3,3,3,3,2,3,3,3,1,4,1,1,3,1,4,3,4,1,4,3,Refugees- nobody in particular,Female,21,Bachelor's degree or equivalent,Student,No religious affiliation,"White (including British, Irish, or any other White background)",2,Other
1,,,,,,,10,3,3,4,2,4,3,3,2,3,4,2,3,3,3,3,3,2,4,2,3,3,2,3,1,4,2,4,3,refugees from afghanistan and iran,Female,19,Upper secondary education (up to age 18),Student,Christian (any denomination),"White (including British, Irish, or any other White background)",3,Other
2,French,German,,,,0.4,21,4,2,3,4,3,4,2,1,4,4,4,4,4,4,4,4,1,4,1,4,4,1,4,1,1,1,4,3,"Syrian Refugees, Ukranian Refugees",Male,21,Upper secondary education (up to age 18),Student,No religious affiliation,"White (including British, Irish, or any other White background)",,Ukrainian
4,Spanish,,,,,0.4,20,4,4,4,4,4,4,4,2,3,4,3,4,4,3,4,3,2,4,2,4,4,1,4,2,3,2,4,3,My own immigrant family ,Female,20,Upper secondary education (up to age 18),Student,No religious affiliation,"White (including British, Irish, or any other White background)",4,Other
1,French,,,,,0.4,14,4,4,4,4,4,4,4,4,4,4,4,4,4,4,4,4,3,4,1,4,2,2,3,3,3,1,4,3,War refugees,Female,20,Upper secondary education (up to age 18),Student,No religious affiliation,"White (including British, Irish, or any other White background)",2,Other
1,,,,,,,10,4,3,4,4,4,4,3,2,2,3,2,2,4,4,4,3,2,4,1,4,4,1,4,2,3,1,4,3,"the current situation going on the world, therefore particularly Ukranian citizens but also people fleeing war torn areas in the middle east like Syria and Afghanistan who I think face more prejudice than white, European refugees. ",Female,20,Bachelor's degree or equivalent,Student,No religious affiliation,"White (including British, Irish, or any other White background)",3,Ukrainian
1,Lithuanian,,,,,0.5,18,3,3,3,3,4,3,3,2,3,3,3,3,3,3,3,3,2,4,2,4,3,2,4,2,4,1,4,2,refugees from ukraine ,Female,20,Upper secondary education (up to age 18),Student,No religious affiliation,"White (including British, Irish, or any other White background)",3,Ukrainian
1,,,,,,,10,4,3,4,3,3,4,3,2,3,4,4,4,4,3,4,4,1,4,1,4,4,1,4,1,4,1,4,3,those fleeing the war in Ukraine ,Female,19,Upper secondary education (up to age 18),Student,No religious affiliation,"White (including British, Irish, or any other White background)",3,Ukrainian
1,Dutch,,,,,0.4,13,4,4,4,4,4,4,4,2,3,3,3,3,3,2,3,3,2,4,1,4,4,1,4,1,2,1,3,3,"iran, ukraine",Female,19,Bachelor's degree or equivalent,Student,No religious affiliation,"White (including British, Irish, or any other White background)",6,Ukrainian
1,French,,,,,0.4,14,4,3,4,4,4,4,4,1,4,4,4,4,4,3,4,4,1,4,2,4,4,2,4,2,4,1,4,3,"Ukraine, Afghanistan, Iran, Syria (Places where there has been conflicts)",Female,19,Upper secondary education (up to age 18),Student,Agnostic,"White (including British, Irish, or any other White background)",1,Ukrainian
1,Spanish,French,,,,0.4,17,2,4,4,2,4,3,4,2,4,3,2,3,2,4,3,3,2,4,1,4,4,1,4,2,4,1,4,1,Countries in Eastern Europe like - Ukraine,Male,22,Upper secondary education (up to age 18),Student,No religious affiliation,"White (including British, Irish, or any other White background)",3,Ukrainian
1,Spanish ,,,,,0.4,14,2,1,3,2,3,3,1,1,2,3,3,3,4,4,3,4,2,4,2,4,3,2,4,3,3,1,4,2,"Specifically right now, Ukranians, but not limited to them (eg syrians etc)",Female,20,Bachelor's degree or equivalent,Student,No religious affiliation,"White (including British, Irish, or any other White background)",4,Ukrainian
1,,,,,,,10,3,3,3,2,4,3,3,1,3,4,3,4,4,3,3,3,2,4,2,4,4,1,4,1,4,1,4,2,Ukrainian refugees fleeing from the war,Female,19,Upper secondary education (up to age 18),Student,No religious affiliation,"White (including British, Irish, or any other White background)",2,Ukrainian
1,French,,,,,0.4,16,4,4,4,4,4,4,4,2,4,4,3,2,3,4,3,4,3,3,3,4,4,1,4,2,3,1,4,2,Refugees escaping war.. asylum seekers ,Female,21,Other / prefer not to say,Student,No religious affiliation,"White (including British, Irish, or any other White background)",3,Other
3,,,,,,,10,3,3,3,4,3,3,4,2,3,4,4,4,4,3,4,3,1,4,2,3,4,1,4,1,4,1,4,3,Syrian and Ukrainian refugees,Female,21,Bachelor's degree or equivalent,Student,No religious affiliation,"White (including British, Irish, or any other White background)",2,Ukrainian
1,French,,,,,0.4,12,4,3,4,3,4,3,3,3,3,4,3,3,3,3,3,4,2,4,2,4,3,1,3,2,4,1,4,3,I was mainly thinking about families from Syria or Afghanistan,Female,,Upper secondary education (up to age 18),"Non-manual skilled (office-based employment; e.g., secretary, administrator, assistant manager)",Christian (any denomination),"White (including British, Irish, or any other White background)",3,Other
1,,,,,,,10,3,4,4,3,4,4,4,1,4,4,3,4,4,3,4,4,1,4,2,4,4,1,4,1,4,1,4,2,"asylum seekers, people who are second generation immigrants, immigrants who have moved for financial purposes or a better quality of live",Female,20,Upper secondary education (up to age 18),Student,No religious affiliation,"White (including British, Irish, or any other White background)",1,Other
1,,,,,,,10,4,3,4,4,4,4,3,4,4,4,3,4,4,4,4,4,4,4,3,4,3,1,3,2,4,2,4,3,"Refugees from countries such as Afghanistan, Iraq, Iran, and more recently Ukraine.",Female,21,Upper secondary education (up to age 18),Student,Christian (any denomination),"White (including British, Irish, or any other White background)",4,Ukrainian
1,,,,,,,10,3,3,4,4,3,3,3,2,4,4,3,4,3,3,4,3,2,3,2,3,4,1,4,2,4,1,4,3,Families that are trying to support themselves,Female,18,Upper secondary education (up to age 18),Student,No religious affiliation,"Mixed or multiple ethnic backgrounds (e.g. White and Black Caribbean, White and Asian)",4,Other
1,,,,,,,10,4,4,4,4,4,4,4,1,3,3,3,4,4,4,4,4,2,3,2,3,2,2,3,4,3,2,4,3,Syrian refugees ,Female,22,Upper secondary education (up to age 18),Student,Christian (any denomination),"White (including British, Irish, or any other White background)",8,Other
1,,,,,,,10,4,3,3,4,3,2,2,2,2,3,3,2,4,3,3,3,3,4,2,4,4,1,4,1,3,1,4,3,"Refugees from war stricken country, in my home area we had mostly Asian refugees ",Female,21,Bachelor's degree or equivalent,Student,No religious affiliation,"White (including British, Irish, or any other White background)",1,Other
1,,,,,,,10,3,4,3,3,4,4,4,1,4,4,4,4,4,4,4,4,2,4,3,4,4,1,4,2,4,2,4,3,"Ukrainians , Afghans ",Female,19,Upper secondary education (up to age 18),Student,No religious affiliation,"White (including British, Irish, or any other White background)",3,Ukrainian
1,,,,,,,10,3,3,3,4,3,2,3,1,4,4,4,4,4,4,4,4,1,4,1,4,4,1,4,1,4,1,4,2,"Ukrainian nationals, Syrian refugees, anyone in need of refuge in general",Female,18,Upper secondary education (up to age 18),Student,No religious affiliation,"White (including British, Irish, or any other White background)",2,Ukrainian
1,Gujarati,Hindi,Marathi,,,0.6,25,4,3,4,3,4,4,4,1,4,4,4,4,4,4,4,4,3,4,3,4,4,2,4,2,4,2,4,2,"People affected by war, who have risked their lives to run from their counties circumstances",Female,20,Upper secondary education (up to age 18),Student,Hindu,"Asian (e.g. Indian, Pakistani, Bangladeshi, Chinese)",2,Other
1,,,,,,,10,2,3,4,2,3,4,4,3,2,3,2,2,2,4,3,2,3,4,3,3,4,2,4,1,3,1,3,2,ukranians,Female,19,Bachelor's degree or equivalent,Student,No religious affiliation,"White (including British, Irish, or any other White background)",2,Ukrainian
1,,,,,,,10,2,2,4,2,4,3,3,1,3,3,4,3,4,4,4,3,3,4,3,4,3,2,3,2,3,1,4,4,People of Urkarine and IRAQ,Female,18,Upper secondary education (up to age 18),"Semi-skilled manual work (e.g., shop assistant, driver, waiter/waitress",No religious affiliation,"White (including British, Irish, or any other White background)",7,Ukrainian
1,,,,,,,10,4,3,4,4,4,4,3,1,2,3,2,3,3,3,3,2,4,4,4,4,1,2,2,4,4,2,4,4,"Syrians, Ukrainians,  Afghans",Male,19,Bachelor's degree or equivalent,Student,Christian (any denomination),"White (including British, Irish, or any other White background)",8,Ukrainian
1,French,,,,,0.4,12,2,3,4,4,3,3,3,3,3,3,3,3,3,2,3,3,1,4,2,4,4,1,4,1,4,1,4,3,Refugees from Afghanistan ,Female,19,Upper secondary education (up to age 18),Student,No religious affiliation,"White (including British, Irish, or any other White background)",2,Other
1,,,,,,,10,3,3,3,3,4,3,3,2,3,2,2,3,3,3,3,4,1,4,1,4,4,1,4,1,4,1,4,3,non uk individuals,Female,20,Upper secondary education (up to age 18),Student,No religious affiliation,"White (including British, Irish, or any other White background)",0,Other
1,,,,,,,10,2,3,3,2,4,3,3,2,3,3,2,3,3,3,3,4,2,4,2,4,4,1,4,2,4,1,4,3,Eastern European or refugees from the Middle East (Arabic).,Male,20,Bachelor's degree or equivalent,Student,No religious affiliation,"White (including British, Irish, or any other White background)",4,Other
1,,,,,,,10,3,4,3,4,3,4,4,2,3,3,3,3,3,3,4,4,3,3,2,4,3,2,4,3,3,2,4,3,Syrian Refugees,Female,20,Upper secondary education (up to age 18),Student,Christian (any denomination),"White (including British, Irish, or any other White background)",6,Other
1,,,,,,,10,4,4,4,3,3,3,4,3,2,3,2,3,2,2,3,3,2,4,2,4,3,1,4,1,4,1,4,3,"Middle Eastern refugees, Ukrainian refugees",Male,19,Upper secondary education (up to age 18),Student,No religious affiliation,"White (including British, Irish, or any other White background)",1,Ukrainian
1,,,,,,,10,4,4,4,3,4,4,4,2,3,3,3,3,4,3,3,3,2,3,2,3,3,1,4,2,3,1,4,4,ukrainian refugees ,Female,20,Bachelor's degree or equivalent,"Semi-skilled manual work (e.g., shop assistant, driver, waiter/waitress",Christian (any denomination),"White (including British, Irish, or any other White background)",5,Ukrainian
1,,,,,,,10,4,3,4,4,4,3,3,3,3,3,3,4,3,2,3,3,1,4,1,4,4,1,4,1,4,1,4,2,"Syrian Refugee crisis, Ukranian refugees/asylum seekers, Venezuelan refugee crisis, 2013 Myanmar genocide",Female,19,Bachelor's degree or equivalent,Student,No religious affiliation,"White (including British, Irish, or any other White background)",0,Ukrainian
1,,,,,,,10,3,3,2,3,3,2,3,2,4,2,3,4,3,3,3,2,3,4,2,4,4,2,4,3,4,1,4,4,"People i know who are refugees, asylum seekers",Male,20,Upper secondary education (up to age 18),Student,No religious affiliation,"Mixed or multiple ethnic backgrounds (e.g. White and Black Caribbean, White and Asian)",6,Other
1,,,,,,,10,4,4,4,4,4,4,3,2,4,4,4,4,4,4,3,3,2,4,3,4,3,1,4,2,4,1,4,3,"groups escaping problems, including war in their country of origin ",Female,20,Upper secondary education (up to age 18),Student,No religious affiliation,"White (including British, Irish, or any other White background)",3,Other
1,,,,,,,10,3,3,4,3,3,3,3,2,4,4,4,4,4,4,4,3,2,4,2,4,4,2,4,1,4,1,4,3,ukranians ,Female,20,Upper secondary education (up to age 18),Student,No religious affiliation,"White (including British, Irish, or any other White background)",2,Ukrainian
1,,,,,,,10,4,3,4,3,4,4,3,3,2,3,2,3,2,3,3,2,2,4,2,4,1,1,4,2,4,1,4,3,Syrian/Ukrainian refugees,Female,20,Upper secondary education (up to age 18),"Non-manual skilled (office-based employment; e.g., secretary, administrator, assistant manager)",Christian (any denomination),"White (including British, Irish, or any other White background)",5,Ukrainian
1,,,,,,,10,3,3,4,3,3,3,3,2,3,2,2,3,2,3,2,3,2,3,3,3,3,1,3,1,3,2,3,3,Syrian refugees,Female,19,Upper secondary education (up to age 18),Student,Christian (any denomination),"Black, African, Carribean, or Black British",4,Other
1,,,,,,,10,4,3,4,4,3,4,3,1,3,4,2,4,4,4,4,3,3,4,2,4,3,2,4,2,4,1,4,3,Those fleeing from war zones,Female,19,Upper secondary education (up to age 18),Student,Christian (any denomination),"White (including British, Irish, or any other White background)",3,Other
1,Spanish,,,,,0.4,15,3,3,2,3,3,3,2,2,3,3,4,3,3,3,3,3,1,4,1,4,4,1,4,1,4,1,4,3,"people who have been displaced from their home due to reasons beyond their control such as crisis or war, people who are simply seeking a better life or more safe place to raise their children",Female,20,Upper secondary education (up to age 18),Student,Christian (any denomination),"White (including British, Irish, or any other White background)",2,Other
1,,,,,,,10,4,4,4,4,4,3,4,2,4,4,4,3,4,3,4,4,4,3,4,4,3,2,4,3,3,1,4,4,People coming from Ukraine,Male,21,Bachelor's degree or equivalent,Student,No religious affiliation,"White (including British, Irish, or any other White background)",5,Ukrainian
1,,,,,,,10,4,3,4,4,3,4,3,3,2,2,2,2,2,3,2,2,4,4,3,3,3,2,3,1,3,2,3,4,Ukranian and afghan refugees,Female,20,Upper secondary education (up to age 18),Student,Christian (any denomination),"White (including British, Irish, or any other White background)",8,Ukrainian
1,French,,,,,0.4,15,3,3,3,4,3,3,3,2,3,3,2,3,2,3,3,3,2,4,2,4,3,1,4,3,4,1,4,3,"Europeans, Muslims, Pakistanis ",Female,20,Bachelor's degree or equivalent,Student,Christian (any denomination),"White (including British, Irish, or any other White background)",6,Other
1,,,,,,,10,4,4,4,4,3,4,4,4,4,4,4,3,3,4,4,4,1,4,1,3,2,1,4,1,4,1,4,3,people in need for instance Ukraine ,Female,20,Bachelor's degree or equivalent,"Professional or managerial (e.g., lawyer, university teacher, company manager)",No religious affiliation,"White (including British, Irish, or any other White background)",,Ukrainian
3,,,,,,,10,2,3,4,4,2,4,3,2,3,4,3,4,3,4,4,4,1,4,2,4,4,1,4,1,4,1,4,2,"Syrian refugees, Ukrainian refugees ",Female,19,Upper secondary education (up to age 18),Student,No religious affiliation,"White (including British, Irish, or any other White background)",2,Ukrainian
1,Spanish,,,,,0.4,13,3,4,4,4,3,3,4,1,3,4,2,4,3,3,4,3,1,4,1,4,3,1,4,1,4,1,4,3,"Ukrainians, Syrians",Female,19,Upper secondary education (up to age 18),Student,Prefer not to say,"White (including British, Irish, or any other White background)",5,Ukrainian
1,,,,,,,10,3,4,4,4,4,4,4,3,4,4,4,4,3,3,4,3,2,4,2,4,3,2,4,1,4,2,3,3,Groups fleeing due to war or politics.,Female,18,Upper secondary education (up to age 18),Student,Christian (any denomination),"White (including British, Irish, or any other White background)",3,Other
1,,,,,,,10,3,3,4,3,4,4,3,1,3,4,3,3,3,3,4,4,3,4,2,4,2,2,4,2,3,1,4,4,Ukraine citizens/Iraq citizens fleeing from war or destruction,Female,19,Upper secondary education (up to age 18),Student,Christian (any denomination),"White (including British, Irish, or any other White background)",5,Ukrainian
1,,,,,,,10,3,4,4,3,4,3,4,2,3,4,3,3,3,2,3,3,2,4,3,3,3,1,3,4,3,2,4,4,African/Asian,Male,19,Upper secondary education (up to age 18),Student,Christian (any denomination),"White (including British, Irish, or any other White background)",6,Other
1,,,,,,,10,4,4,4,4,4,4,4,1,4,4,4,4,4,4,4,4,1,4,1,4,4,1,4,1,4,1,4,4,Those who have had to escape their countries due to conflict,Female,20,Bachelor's degree or equivalent,Student,No religious affiliation,"White (including British, Irish, or any other White background)",2,Other
1,French,Italian,,,,0.4,22,2,3,3,4,4,3,2,1,3,3,3,2,4,3,4,3,2,4,1,4,4,2,4,2,4,1,4,2,"Africans, Arabs, Eastern Europeans ",Male,18,Upper secondary education (up to age 18),Student,No religious affiliation,"Black, African, Carribean, or Black British",2,Other
1,,,,,,,10,4,4,4,4,4,3,3,1,4,4,4,4,4,3,4,4,2,4,1,4,4,1,4,1,4,1,4,3,"Ukrainians, syrians, afgahans, people fleeing due to conflict, persecution or environmental changes  ",Female,21,Upper secondary education (up to age 18),Student,No religious affiliation,"White (including British, Irish, or any other White background)",3,Ukrainian
1,,,,,,,10,4,3,4,4,4,3,3,1,4,4,3,3,4,4,3,4,3,4,3,4,3,1,4,2,3,2,4,3,Refugees from Ukraine and the Middle-East. Generally families ,Male,20,Upper secondary education (up to age 18),Student,No religious affiliation,"White (including British, Irish, or any other White background)",3,Ukrainian
1,,,,,,,10,3,3,4,4,4,4,3,2,2,3,2,3,3,2,4,2,1,4,1,4,4,1,4,1,4,1,4,3,Those escaping from war struck countries.,Female,18,Upper secondary education (up to age 18),Student,No religious affiliation,"White (including British, Irish, or any other White background)",1,Other
1,,,,,,,10,2,2,2,2,2,1,2,2,3,3,3,3,3,3,3,4,2,4,2,4,3,1,4,2,4,1,4,3,Any one coming to the UK for safety and a better life e.g. fleeing from war etc. ,Female,20,Bachelor's degree or equivalent,Student,No religious affiliation,"White (including British, Irish, or any other White background)",2,Other
1,,,,,,,10,4,4,4,4,3,4,4,2,3,4,3,3,3,3,4,4,1,4,1,4,4,1,4,2,3,1,4,1,More middle eastern refugees,Male,19,Upper secondary education (up to age 18),Student,No religious affiliation,"Mixed or multiple ethnic backgrounds (e.g. White and Black Caribbean, White and Asian)",2,Other
1,,,,,,,10,4,4,4,4,3,4,3,3,3,3,3,4,3,2,4,3,2,4,2,3,3,2,4,1,3,2,4,4,ukranian refugees,Female,20,Bachelor's degree or equivalent,Student,No religious affiliation,"Mixed or multiple ethnic backgrounds (e.g. White and Black Caribbean, White and Asian)",5,Ukrainian
1,,,,,,,10,3,3,4,2,2,3,3,3,4,4,4,4,4,4,4,4,2,4,2,4,4,1,4,1,4,1,4,4,asian,Female,21,Upper secondary education (up to age 18),Student,No religious affiliation,"White (including British, Irish, or any other White background)",1,Other
1,,,,,,,10,3,3,4,4,3,3,3,1,3,3,2,4,4,4,3,3,1,4,2,3,3,1,4,2,4,1,4,3,Those from Ukraine,Female,19,Upper secondary education (up to age 18),Student,No religious affiliation,"White (including British, Irish, or any other White background)",3,Ukrainian
1,Spanish,,,,,0.4,15,4,4,4,4,3,3,3,1,3,3,3,3,4,4,4,4,2,4,2,4,4,2,4,2,3,1,4,3,middle eastern refugees,Male,18,Upper secondary education (up to age 18),Student,No religious affiliation,"White (including British, Irish, or any other White background)",3,Other
1,,,,,,,10,2,1,2,2,2,2,2,4,3,3,1,3,2,3,2,2,1,4,1,4,4,1,4,1,4,1,4,1,People from war torn countries,Non-binary / third gender,18,Upper secondary education (up to age 18),Student,No religious affiliation,"White (including British, Irish, or any other White background)",2,Other
1,,,,,,,10,3,3,4,4,3,4,4,2,2,3,3,3,4,2,3,3,4,4,4,4,4,1,4,2,2,1,4,2,"Ukrainian refugees, Siryan refugees",Male,19,Upper secondary education (up to age 18),"Semi-skilled manual work (e.g., shop assistant, driver, waiter/waitress",No religious affiliation,"White (including British, Irish, or any other White background)",3,Ukrainian
1,,,,,,,10,4,3,4,3,4,4,4,1,3,4,4,3,4,4,4,3,2,3,3,3,3,1,3,2,3,1,4,3,"people from the middle east, e.g., people fleeing conflict in syria",Female,20,Upper secondary education (up to age 18),Student,No religious affiliation,"White (including British, Irish, or any other White background)",5,Other
1,,,,,,,10,4,4,3,4,4,4,4,2,3,3,3,4,3,3,4,3,1,4,2,4,4,1,4,4,4,1,4,2,"Individuals escaping countries of war desperately, as a last resort",Female,21,Upper secondary education (up to age 18),Student,No religious affiliation,"White (including British, Irish, or any other White background)",1,Other
1,,,,,,,10,4,3,4,4,4,3,3,1,4,4,3,4,3,4,4,4,1,4,1,4,4,1,4,1,4,1,4,3,"recent events , Ukraine , South Sudan , iraq",Female,19,Upper secondary education (up to age 18),Student,No religious affiliation,"White (including British, Irish, or any other White background)",1,Ukrainian
1,,,,,,,10,2,3,2,3,3,3,3,2,4,3,3,3,2,3,2,4,2,4,3,4,4,2,4,2,3,1,4,4,refugees who are coming to the uk due to poor living condtions or events occuring in their home country,Male,20,Bachelor's degree or equivalent,Student,No religious affiliation,"White (including British, Irish, or any other White background)",3,Other
1,French,,,,,0.4,15,4,4,4,4,4,4,4,1,4,4,4,4,4,4,4,4,1,4,2,4,1,2,4,1,4,1,4,4,Any,Female,20,Upper secondary education (up to age 18),Student,No religious affiliation,"White (including British, Irish, or any other White background)",2,Other
1,,,,,,,10,2,2,3,3,3,2,2,3,3,4,3,4,3,3,4,3,1,4,1,4,4,1,4,1,4,1,4,3,"I wasn't aware that I was thinking of a particular group of people. I was thinking of those that for whatever reason had to flee their home, friends, and family and now have to live in a new country ",Female,19,Upper secondary education (up to age 18),Student,No religious affiliation,"White (including British, Irish, or any other White background)",0,Other
1,French,,,,,0.4,15,2,2,3,1,3,2,1,3,3,4,3,4,3,3,4,3,1,4,1,4,4,1,4,1,4,1,4,2,"Mostly about the refugees from the middle east like Syria, and of the groups of people being sent back to Rwanda",Non-binary / third gender,20,Upper secondary education (up to age 18),Student,Christian (any denomination),"White (including British, Irish, or any other White background)",3,Other
2,,,,,,,10,4,4,4,4,4,4,4,1,4,4,4,3,4,4,4,4,3,4,2,4,4,1,4,1,4,1,4,4,"middle east (Syria, Iraq, Saudi Arabia etc.), Ukraine, sub Saharan Africa",Male,22,Upper secondary education (up to age 18),Student,No religious affiliation,"White (including British, Irish, or any other White background)",1,Ukrainian
1,,,,,,,10,4,4,4,4,4,3,3,2,4,4,4,4,4,3,4,3,1,4,2,4,3,1,4,3,4,2,4,3,People escaping countries of war,Female,19,Upper secondary education (up to age 18),Student,Christian (any denomination),"White (including British, Irish, or any other White background)",4,Other
1,,,,,,,10,3,3,4,3,3,3,3,2,3,3,3,4,3,3,4,3,2,4,2,4,3,2,3,1,4,2,4,3,asian refugees,Female,19,Bachelor's degree or equivalent,Student,No religious affiliation,"White (including British, Irish, or any other White background)",1,Other
1,,,,,,,10,3,3,4,3,4,3,3,2,4,4,4,4,4,3,4,4,2,4,2,4,3,1,4,1,3,1,4,2,Middle Eastern Refugees ,Female,20,Upper secondary education (up to age 18),"Semi-skilled manual work (e.g., shop assistant, driver, waiter/waitress",No religious affiliation,"White (including British, Irish, or any other White background)",0,Other
1,,,,,,,10,2,3,4,3,2,2,3,2,4,4,3,3,4,4,3,4,2,3,2,4,4,1,4,1,4,1,4,3,Ukrainian refugees from the Russian invasion ,Female,20,Upper secondary education (up to age 18),"Semi-skilled manual work (e.g., shop assistant, driver, waiter/waitress",No religious affiliation,"White (including British, Irish, or any other White background)",4,Ukrainian
1,,,,,,,10,3,3,4,4,3,3,3,2,2,4,3,3,4,4,3,4,3,3,2,3,3,1,4,2,3,1,4,3,"People fleeing Ukraine, Syria, Iran",Female,20,Bachelor's degree or equivalent,Student,No religious affiliation,"White (including British, Irish, or any other White background)",4,Ukrainian
1,Spanish,French,,,,0.4,18,4,3,4,4,4,4,4,1,4,4,4,4,4,4,4,4,1,4,1,4,4,1,4,1,4,1,4,2,People fleeing from countries at war: People from Afghanistan and Ukraine specifically,Female,18,Upper secondary education (up to age 18),Student,Prefer not to say,"White (including British, Irish, or any other White background)",2,Ukrainian
1,,,,,,,10,2,2,3,3,2,2,2,3,3,3,3,3,2,2,4,3,2,4,2,4,3,1,4,1,4,1,4,3,"Ukrainian refugees, people crossing the Channel",Female,21,Bachelor's degree or equivalent,Student,No religious affiliation,"White (including British, Irish, or any other White background)",3,Ukrainian
1,,,,,,,10,2,2,3,2,2,2,2,1,4,4,4,4,4,4,4,4,1,4,1,4,4,1,4,1,4,1,4,1,No one in particular,Female,19,Upper secondary education (up to age 18),Student,No religious affiliation,"White (including British, Irish, or any other White background)",4,Other
1,Italian,,,,,0.4,12,4,3,4,2,4,4,3,3,2,2,1,2,2,2,3,3,2,4,3,4,2,2,2,2,2,3,3,2,"Polish, Romanians, Muslims",Male,21,Bachelor's degree or equivalent,Student,Christian (any denomination),"White (including British, Irish, or any other White background)",9,Other
1,,,,,,,10,3,3,3,4,3,3,2,2,3,3,3,3,3,3,3,4,1,4,2,4,4,2,4,1,3,1,4,3,"Ukraine, Rwanda, ",Male,20,Bachelor's degree or equivalent,"Semi-skilled manual work (e.g., shop assistant, driver, waiter/waitress",No religious affiliation,"White (including British, Irish, or any other White background)",3,Ukrainian
